#
# A fatal error has been detected by the Java Runtime Environment:
#
#  EXCEPTION_ACCESS_VIOLATION (0xc0000005) at pc=0x00007ff8afcda1b6, pid=21396, tid=9832
#
# JRE version: OpenJDK Runtime Environment (21.0.7) (build 21.0.7+-13880790-b1038.58)
# Java VM: OpenJDK 64-Bit Server VM (21.0.7+-13880790-b1038.58, mixed mode, tiered, compressed oops, compressed class ptrs, g1 gc, windows-amd64)
# Problematic frame:
# V  [jvm.dll+0x13a1b6]
#
# No core dump will be written. Minidumps are not enabled by default on client versions of Windows
#
# If you would like to submit a bug report, please visit:
#   https://youtrack.jetbrains.com/issues/JBR
#

---------------  S U M M A R Y ------------

Command Line: --add-opens=java.base/java.lang=ALL-UNNAMED --add-opens=java.base/java.lang.invoke=ALL-UNNAMED --add-opens=java.base/java.util=ALL-UNNAMED --add-opens=java.prefs/java.util.prefs=ALL-UNNAMED --add-exports=jdk.compiler/com.sun.tools.javac.api=ALL-UNNAMED --add-exports=jdk.compiler/com.sun.tools.javac.util=ALL-UNNAMED --add-opens=java.base/java.util=ALL-UNNAMED --add-opens=java.prefs/java.util.prefs=ALL-UNNAMED --add-opens=java.base/java.nio.charset=ALL-UNNAMED --add-opens=java.base/java.net=ALL-UNNAMED --add-opens=java.base/java.util.concurrent.atomic=ALL-UNNAMED --add-opens=java.xml/javax.xml.namespace=ALL-UNNAMED -Xmx2048m -Dfile.encoding=UTF-8 -Duser.country=US -Duser.language=en -Duser.variant -javaagent:C:\Users\razma\.gradle\wrapper\dists\gradle-8.13-bin\5xuhj0ry160q40clulazy9h7d\gradle-8.13\lib\agents\gradle-instrumentation-agent-8.13.jar org.gradle.launcher.daemon.bootstrap.GradleDaemon 8.13

Host: Intel(R) Core(TM) i7-4770 CPU @ 3.40GHz, 8 cores, 23G,  Windows 10 , 64 bit Build 19041 (10.0.19041.5915)
Time: Wed Jan 14 01:12:44 2026 Georgian Standard Time elapsed time: 25.611785 seconds (0d 0h 0m 25s)

---------------  T H R E A D  ---------------

Current thread (0x000001f44fb4f050):  WorkerThread "GC Thread#2"    [id=9832, stack(0x000000eb49e00000,0x000000eb49f00000) (1024K)]

Stack: [0x000000eb49e00000,0x000000eb49f00000],  sp=0x000000eb49eff338,  free space=1020k
Native frames: (J=compiled Java code, j=interpreted, Vv=VM code, C=native code)
V  [jvm.dll+0x13a1b6]


siginfo: EXCEPTION_ACCESS_VIOLATION (0xc0000005), reading address 0x0000000486af02e0


Registers:
RAX=0x0000000000000000, RBX=0x0000000000000001, RCX=0x000000009838a750, RDX=0x000000009838a750
RSP=0x000000eb49eff338, RBP=0x0000000000001e00, RSI=0x000001f437969c80, RDI=0x000000008ba2d520
R8 =0x0000000486af02d8, R9 =0x000000008ba2d520, R10=0x000000009838a750, R11=0x00007ff8e8c4158d
R12=0x000000000000001a, R13=0x0000000486af02d8, R14=0x000000009838a750, R15=0x000001f45c640ad0
RIP=0x00007ff8afcda1b6, EFLAGS=0x0000000000010206

XMM[0]=0x000000ad2000814f 0x0000000000000009
XMM[1]=0x2f6e696c746f6b0a 0x746b2e656b616620
XMM[2]=0x904b1100904b1118 0x904b1130904b1140
XMM[3]=0x98be8a7898be8a60 0x98be8a3098be8a48
XMM[4]=0x98be8b4098be8b28 0x98be8b1898be8b00
XMM[5]=0x313a3333332c3123 0x310a4c2a0a744b65
XMM[6]=0x0000000000000000 0x0000000000000000
XMM[7]=0x0000000000000000 0x0000000000000000
XMM[8]=0x0000000000000000 0x0000000000000000
XMM[9]=0x0000000000000000 0x0000000000000000
XMM[10]=0x0000000000000000 0x0000000000000000
XMM[11]=0x0000000000000000 0x0000000000000000
XMM[12]=0x0000000000000000 0x0000000000000000
XMM[13]=0x0000000000000000 0x0000000000000000
XMM[14]=0x0000000000000000 0x0000000000000000
XMM[15]=0x0000000000000000 0x0000000000000000
  MXCSR=0x00001fa0


Register to memory mapping:

RAX=0x0 is null
RBX=0x0000000000000001 is an unknown value
RCX=0x000000009838a750 is pointing into object: com.android.tools.r8.graph.y5 
{0x000000009838a738} - klass: 'com/android/tools/r8/graph/y5'
 - ---- fields (total size 4 words):
 - public volatile 'b' 'I' @12  -1485550688 (0xa7744ba0)
 - public final 'f' 'Lcom/android/tools/r8/graph/j6;' @16  a 'com/android/tools/r8/graph/j6'{0x000000009838a3d0} (0x9838a3d0)
 - public final 'g' 'Lcom/android/tools/r8/graph/i6;' @20  a 'com/android/tools/r8/graph/i6'{0x000000009838a758} (0x9838a758)
 - public final 'i' 'Lcom/android/tools/r8/graph/f6;' @24  a 'com/android/tools/r8/graph/f6'{0x000000008ba2d520} (0x8ba2d520)
RDX=0x000000009838a750 is pointing into object: com.android.tools.r8.graph.y5 
{0x000000009838a738} - klass: 'com/android/tools/r8/graph/y5'
 - ---- fields (total size 4 words):
 - public volatile 'b' 'I' @12  -1485550688 (0xa7744ba0)
 - public final 'f' 'Lcom/android/tools/r8/graph/j6;' @16  a 'com/android/tools/r8/graph/j6'{0x000000009838a3d0} (0x9838a3d0)
 - public final 'g' 'Lcom/android/tools/r8/graph/i6;' @20  a 'com/android/tools/r8/graph/i6'{0x000000009838a758} (0x9838a758)
 - public final 'i' 'Lcom/android/tools/r8/graph/f6;' @24  a 'com/android/tools/r8/graph/f6'{0x000000008ba2d520} (0x8ba2d520)
RSP=0x000000eb49eff338 points into unknown readable memory: 0x00007ff8afef7f9b | 9b 7f ef af f8 7f 00 00
RBP=0x0000000000001e00 is an unknown value
RSI=0x000001f437969c80 points into unknown readable memory: 0x0000000000000000 | 00 00 00 00 00 00 00 00
RDI=0x000000008ba2d520 is an oop: com.android.tools.r8.graph.f6 
{0x000000008ba2d520} - klass: 'com/android/tools/r8/graph/f6'
 - ---- fields (total size 3 words):
 - public volatile 'b' 'I' @12  26319 (0x000066cf)
 - public final 'e' 'Lcom/android/tools/r8/graph/j6;' @16  a 'com/android/tools/r8/graph/j6'{0x000000008ba2bb88} (0x8ba2bb88)
 - public final 'f' 'Lcom/android/tools/r8/graph/l6;' @20  a 'com/android/tools/r8/graph/l6'{0x00000000883c9af8} (0x883c9af8)
R8 =0x0000000486af02d8 is an unknown value
R9 =0x000000008ba2d520 is an oop: com.android.tools.r8.graph.f6 
{0x000000008ba2d520} - klass: 'com/android/tools/r8/graph/f6'
 - ---- fields (total size 3 words):
 - public volatile 'b' 'I' @12  26319 (0x000066cf)
 - public final 'e' 'Lcom/android/tools/r8/graph/j6;' @16  a 'com/android/tools/r8/graph/j6'{0x000000008ba2bb88} (0x8ba2bb88)
 - public final 'f' 'Lcom/android/tools/r8/graph/l6;' @20  a 'com/android/tools/r8/graph/l6'{0x00000000883c9af8} (0x883c9af8)
R10=0x000000009838a750 is pointing into object: com.android.tools.r8.graph.y5 
{0x000000009838a738} - klass: 'com/android/tools/r8/graph/y5'
 - ---- fields (total size 4 words):
 - public volatile 'b' 'I' @12  -1485550688 (0xa7744ba0)
 - public final 'f' 'Lcom/android/tools/r8/graph/j6;' @16  a 'com/android/tools/r8/graph/j6'{0x000000009838a3d0} (0x9838a3d0)
 - public final 'g' 'Lcom/android/tools/r8/graph/i6;' @20  a 'com/android/tools/r8/graph/i6'{0x000000009838a758} (0x9838a758)
 - public final 'i' 'Lcom/android/tools/r8/graph/f6;' @24  a 'com/android/tools/r8/graph/f6'{0x000000008ba2d520} (0x8ba2d520)
R11=0x00007ff8e8c4158d VCRUNTIME140.dll
R12=0x000000000000001a is an unknown value
R13=0x0000000486af02d8 is an unknown value
R14=0x000000009838a750 is pointing into object: com.android.tools.r8.graph.y5 
{0x000000009838a738} - klass: 'com/android/tools/r8/graph/y5'
 - ---- fields (total size 4 words):
 - public volatile 'b' 'I' @12  -1485550688 (0xa7744ba0)
 - public final 'f' 'Lcom/android/tools/r8/graph/j6;' @16  a 'com/android/tools/r8/graph/j6'{0x000000009838a3d0} (0x9838a3d0)
 - public final 'g' 'Lcom/android/tools/r8/graph/i6;' @20  a 'com/android/tools/r8/graph/i6'{0x000000009838a758} (0x9838a758)
 - public final 'i' 'Lcom/android/tools/r8/graph/f6;' @24  a 'com/android/tools/r8/graph/f6'{0x000000008ba2d520} (0x8ba2d520)
R15=0x000001f45c640ad0 points into unknown readable memory: 0x00007ff8b0512580 | 80 25 51 b0 f8 7f 00 00

Top of Stack: (sp=0x000000eb49eff338)
0x000000eb49eff338:   00007ff8afef7f9b 0000000000000009
0x000000eb49eff348:   0000000000000009 0000000000000001
0x000000eb49eff358:   0000000094d65930 00000000943dade4
0x000000eb49eff368:   00007ff8afef6309 000001f45cb810f0
0x000000eb49eff378:   00007ff8b02b48eb 000001f45c640ae8
0x000000eb49eff388:   000001f45c8073b0 000001f45c640c58
0x000000eb49eff398:   0000000000000000 0000000000000040
0x000000eb49eff3a8:   000001f44f73bb10 000000000000001a
0x000000eb49eff3b8:   000000008f8b3804 000001f437969c80
0x000000eb49eff3c8:   0000000000001e00 000001f45c640ad0
0x000000eb49eff3d8:   00007ff8afef920a 000000008f8b0000
0x000000eb49eff3e8:   00007ff8aff00100 0000000000000000
0x000000eb49eff3f8:   0000000000000009 000000008f8b0c00
0x000000eb49eff408:   0000000000000680 000000eb49eff600
0x000000eb49eff418:   00000000000000f8 000000008f8b4000
0x000000eb49eff428:   00007ff8afef58ce 000001f44eef8120
0x000000eb49eff438:   000001f45c640ad0 000000008f8b0c00
0x000000eb49eff448:   0000000000000680 000000000f29e8ac
0x000000eb49eff458:   000000140629623d 000000000000001a
0x000000eb49eff468:   000000eb49eff600 000001f44eef8120
0x000000eb49eff478:   00007ff8aff0291c 0000000000000680
0x000000eb49eff488:   000001f44eef8120 000000eb49eff600
0x000000eb49eff498:   00007ff8b026b03f 000000008f8b0c00
0x000000eb49eff4a8:   0000000000000680 00007ff8b05136f8
0x000000eb49eff4b8:   0000000000000000 000001f437960940
0x000000eb49eff4c8:   000001f45c640ad0 000000eb49eff650
0x000000eb49eff4d8:   00007ff8b03b3fb7 00000000000000f8
0x000000eb49eff4e8:   000001f44f2bb8a0 000001f44a25c5a0
0x000000eb49eff4f8:   00007ff8aff045e9 000000eb49eff600
0x000000eb49eff508:   0000000000000004 000001f44a25c5a0
0x000000eb49eff518:   000001f43794f200 0000000000000004
0x000000eb49eff528:   0000000000000059 000001f437944470 

Instructions: (pc=0x00007ff8afcda1b6)
0x00007ff8afcda0b6:   4c 63 c0 41 8b c1 48 c1 f8 10 48 63 14 19 41 8b
0x00007ff8afcda0c6:   c9 83 e1 3f 48 d3 e2 0f b6 c8 49 8d 04 10 49 f7
0x00007ff8afcda0d6:   d0 48 03 c8 49 c1 e8 03 48 c1 e9 03 49 23 c8 eb
0x00007ff8afcda0e6:   12 49 8b 00 48 8b d3 49 8b c8 ff 90 00 01 00 00
0x00007ff8afcda0f6:   48 8b c8 48 89 1f 48 8b c7 48 8b 5c 24 30 48 89
0x00007ff8afcda106:   4f 08 48 83 c4 20 5f c3 cc cc 0f b6 05 01 c1 9f
0x00007ff8afcda116:   00 48 8b d1 84 c0 74 16 44 8b 41 08 8b 0d f0 ad
0x00007ff8afcda126:   9f 00 49 d3 e0 4c 03 05 de ad 9f 00 eb 04 4c 8b
0x00007ff8afcda136:   41 08 45 8b 48 08 45 85 c9 7e 0e 41 f6 c1 01 75
0x00007ff8afcda146:   53 41 c1 f9 03 49 63 c1 c3 79 49 84 c0 41 b8 0c
0x00007ff8afcda156:   00 00 00 8b 05 a9 be 9f 00 b9 10 00 00 00 41 0f
0x00007ff8afcda166:   45 c8 ff c8 4c 63 c0 41 8b c1 48 c1 f8 10 0f b6
0x00007ff8afcda176:   c0 48 63 14 11 41 8b c9 83 e1 3f 48 d3 e2 49 8d
0x00007ff8afcda186:   0c 10 49 f7 d0 48 03 c1 49 c1 e8 03 48 c1 e8 03
0x00007ff8afcda196:   49 23 c0 c3 49 8b 00 49 8b c8 48 ff a0 00 01 00
0x00007ff8afcda1a6:   00 cc cc cc cc cc cc cc cc cc 4c 8b c2 48 8b d1
0x00007ff8afcda1b6:   45 8b 48 08 45 85 c9 7e 0e 41 f6 c1 01 75 56 41
0x00007ff8afcda1c6:   c1 f9 03 49 63 c1 c3 79 4c 80 3d 42 c0 9f 00 00
0x00007ff8afcda1d6:   b8 0c 00 00 00 b9 10 00 00 00 0f 45 c8 8b 05 1f
0x00007ff8afcda1e6:   be 9f 00 ff c8 4c 63 c0 41 8b c1 48 c1 f8 10 48
0x00007ff8afcda1f6:   63 14 11 41 8b c9 83 e1 3f 0f b6 c0 48 d3 e2 49
0x00007ff8afcda206:   8d 0c 10 49 f7 d0 48 03 c1 49 c1 e8 03 48 c1 e8
0x00007ff8afcda216:   03 49 23 c0 c3 49 8b 00 49 8b c8 48 ff a0 00 01
0x00007ff8afcda226:   00 00 cc cc cc cc cc cc cc cc 40 53 48 83 ec 20
0x00007ff8afcda236:   48 8b d9 49 8b c0 33 c9 45 0f b6 c1 48 89 0b 48
0x00007ff8afcda246:   89 4b 08 48 8b cb 48 89 53 10 48 8b d0 e8 28 09
0x00007ff8afcda256:   00 00 48 8b c3 48 83 c4 20 5b c3 cc cc cc cc cc
0x00007ff8afcda266:   cc cc cc cc cc cc cc cc cc cc 40 53 48 83 ec 20
0x00007ff8afcda276:   33 c0 44 88 41 10 45 0f b6 c1 48 89 01 48 89 41
0x00007ff8afcda286:   08 48 8b d9 e8 01 0a 00 00 48 8b c3 48 83 c4 20
0x00007ff8afcda296:   5b c3 cc cc cc cc cc cc cc cc 40 53 48 83 ec 20
0x00007ff8afcda2a6:   33 c0 48 8b d9 48 89 01 48 89 41 08 e8 99 0b 00 


Stack slot to memory mapping:

stack at sp + 0 slots: 0x00007ff8afef7f9b jvm.dll
stack at sp + 1 slots: 0x0000000000000009 is an unknown value
stack at sp + 2 slots: 0x0000000000000009 is an unknown value
stack at sp + 3 slots: 0x0000000000000001 is an unknown value
stack at sp + 4 slots: 0x0000000094d65930 is an oop: [Ljava.lang.Object; 
{0x0000000094d65930} - klass: 'java/lang/Object'[]
 - length: 1
stack at sp + 5 slots: 0x00000000943dade4 is pointing into object: [Ljava.util.HashMap$Node; 
{0x00000000943dace0} - klass: 'java/util/HashMap$Node'[]
 - length: 64
stack at sp + 6 slots: 0x00007ff8afef6309 jvm.dll
stack at sp + 7 slots: 0x000001f45cb810f0 points into unknown readable memory: 0x0000000098300000 | 00 00 30 98 00 00 00 00


---------------  P R O C E S S  ---------------

Threads class SMR info:
_java_thread_list=0x000001f46b94e150, length=149, elements={
0x000001f43794f440, 0x000001f44f1b3e50, 0x000001f44f1b81d0, 0x000001f44f1cbaa0,
0x000001f44f1c9ea0, 0x000001f44f1ca510, 0x000001f44f1caf70, 0x000001f44f1e3250,
0x000001f44f1ce450, 0x000001f44f1d23f0, 0x000001f44f5e8ae0, 0x000001f45526a050,
0x000001f4552e7d90, 0x000001f45532d080, 0x000001f45532dfa0, 0x000001f4552ff0d0,
0x000001f455538b60, 0x000001f4553e7d30, 0x000001f4553e83c0, 0x000001f4553e8a50,
0x000001f4553e76a0, 0x000001f4553e9770, 0x000001f4553e90e0, 0x000001f4553e9e00,
0x000001f4553e7010, 0x000001f45902fb60, 0x000001f45902b9c0, 0x000001f45902c050,
0x000001f45902e120, 0x000001f459029f80, 0x000001f45902b330, 0x000001f45902ee40,
0x000001f45902cd70, 0x000001f45902e7b0, 0x000001f45902d400, 0x000001f45902f4d0,
0x000001f45902a610, 0x000001f4590301f0, 0x000001f459030880, 0x000001f4590298f0,
0x000001f459030f10, 0x000001f4573b3f90, 0x000001f4573b4620, 0x000001f4573b2be0,
0x000001f4573b4cb0, 0x000001f4573b6d80, 0x000001f4573b5340, 0x000001f4573b59d0,
0x000001f4573b8130, 0x000001f4573b7410, 0x000001f4573b66f0, 0x000001f4573b3270,
0x000001f4573b7aa0, 0x000001f4573b1ec0, 0x000001f4573b2550, 0x000001f4573b3900,
0x000001f45a3cddf0, 0x000001f45a3cf1a0, 0x000001f45a3d0550, 0x000001f45a3cb000,
0x000001f45a3ce480, 0x000001f45a3c95c0, 0x000001f45a3cb690, 0x000001f45a3cd0d0,
0x000001f45a3ceb10, 0x000001f45a3cbd20, 0x000001f45a3cf830, 0x000001f45a3cfec0,
0x000001f45a3d0be0, 0x000001f45a3c9c50, 0x000001f45a3cc3b0, 0x000001f45a3ca970,
0x000001f45a3cd760, 0x000001f45658aab0, 0x000001f45a3cca40, 0x000001f456947130,
0x000001f456947e50, 0x000001f45658da60, 0x000001f45c1014e0, 0x000001f45c1007c0,
0x000001f45c100130, 0x000001f45c102200, 0x000001f45c101b70, 0x000001f45c103c40,
0x000001f45c102890, 0x000001f45c105d10, 0x000001f45c102f20, 0x000001f45c1035b0,
0x000001f45c1042d0, 0x000001f45c104960, 0x000001f45c104ff0, 0x000001f45c105680,
0x000001f45c1063a0, 0x000001f45c106a30, 0x000001f45c107750, 0x000001f45c100e50,
0x000001f455bf98d0, 0x000001f455bf5730, 0x000001f455bf4a10, 0x000001f455bfa5f0,
0x000001f455bf4380, 0x000001f455bf6450, 0x000001f45cc30d90, 0x000001f45cc334f0,
0x000001f45cc2f9e0, 0x000001f45cc2cbf0, 0x000001f45cc30070, 0x000001f45cc327d0,
0x000001f45cc34210, 0x000001f45cc30700, 0x000001f45cc33b80, 0x000001f45cc31ab0,
0x000001f45cc32e60, 0x000001f45cc2d280, 0x000001f45cc2d910, 0x000001f45cc2dfa0,
0x000001f45cc31420, 0x000001f45cc2ecc0, 0x000001f4626a5c10, 0x000001f4626a0d50,
0x000001f4626a4ef0, 0x000001f4626a5580, 0x000001f4626a62a0, 0x000001f4626a2790,
0x000001f4626a2100, 0x000001f4626a2e20, 0x000001f4626a34b0, 0x000001f4626a06c0,
0x000001f46269f310, 0x000001f4626a4860, 0x000001f4626a3b40, 0x000001f4626a13e0,
0x000001f4626a41d0, 0x000001f4626a6930, 0x000001f46269f9a0, 0x000001f4626a0030,
0x000001f4622eab50, 0x000001f455bf7800, 0x000001f4622e76d0, 0x000001f4622e83f0,
0x000001f4622eb870, 0x000001f4622e8a80, 0x000001f4622ea4c0, 0x000001f4622ebf00,
0x000001f4622e9110, 0x000001f4622e4f70, 0x000001f4622e97a0, 0x000001f4622e5c90,
0x000001f4622e6320
}

Java Threads: ( => current thread )
  0x000001f43794f440 JavaThread "main"                              [_thread_blocked, id=15576, stack(0x000000eb48900000,0x000000eb48a00000) (1024K)]
  0x000001f44f1b3e50 JavaThread "Common-Cleaner"             daemon [_thread_blocked, id=31948, stack(0x000000eb49100000,0x000000eb49200000) (1024K)]
  0x000001f44f1b81d0 JavaThread "Reference Handler"          daemon [_thread_blocked, id=14236, stack(0x000000eb49200000,0x000000eb49300000) (1024K)]
  0x000001f44f1cbaa0 JavaThread "Finalizer"                  daemon [_thread_blocked, id=23124, stack(0x000000eb49300000,0x000000eb49400000) (1024K)]
  0x000001f44f1c9ea0 JavaThread "Signal Dispatcher"          daemon [_thread_blocked, id=1264, stack(0x000000eb49400000,0x000000eb49500000) (1024K)]
  0x000001f44f1ca510 JavaThread "Attach Listener"            daemon [_thread_blocked, id=11696, stack(0x000000eb49500000,0x000000eb49600000) (1024K)]
  0x000001f44f1caf70 JavaThread "Service Thread"             daemon [_thread_blocked, id=3932, stack(0x000000eb49600000,0x000000eb49700000) (1024K)]
  0x000001f44f1e3250 JavaThread "Monitor Deflation Thread"   daemon [_thread_blocked, id=18336, stack(0x000000eb49700000,0x000000eb49800000) (1024K)]
  0x000001f44f1ce450 JavaThread "C2 CompilerThread0"         daemon [_thread_blocked, id=4248, stack(0x000000eb49800000,0x000000eb49900000) (1024K)]
  0x000001f44f1d23f0 JavaThread "C1 CompilerThread0"         daemon [_thread_blocked, id=3256, stack(0x000000eb49900000,0x000000eb49a00000) (1024K)]
  0x000001f44f5e8ae0 JavaThread "Notification Thread"        daemon [_thread_blocked, id=36020, stack(0x000000eb49a00000,0x000000eb49b00000) (1024K)]
  0x000001f45526a050 JavaThread "Daemon health stats"               [_thread_blocked, id=16204, stack(0x000000eb49c00000,0x000000eb49d00000) (1024K)]
  0x000001f4552e7d90 JavaThread "Incoming local TCP Connector on port 58732"        [_thread_in_native, id=16148, stack(0x000000eb4a400000,0x000000eb4a500000) (1024K)]
  0x000001f45532d080 JavaThread "Daemon periodic checks"            [_thread_blocked, id=30128, stack(0x000000eb4a500000,0x000000eb4a600000) (1024K)]
  0x000001f45532dfa0 JavaThread "Daemon"                            [_thread_blocked, id=25636, stack(0x000000eb4a600000,0x000000eb4a700000) (1024K)]
  0x000001f4552ff0d0 JavaThread "Handler for socket connection from /127.0.0.1:58732 to /127.0.0.1:58733"        [_thread_in_native, id=20608, stack(0x000000eb4a700000,0x000000eb4a800000) (1024K)]
  0x000001f455538b60 JavaThread "Cancel handler"                    [_thread_blocked, id=35524, stack(0x000000eb4a800000,0x000000eb4a900000) (1024K)]
  0x000001f4553e7d30 JavaThread "Daemon worker"                     [_thread_blocked, id=1056, stack(0x000000eb4a900000,0x000000eb4aa00000) (1024K)]
  0x000001f4553e83c0 JavaThread "Asynchronous log dispatcher for DefaultDaemonConnection: socket connection from /127.0.0.1:58732 to /127.0.0.1:58733"        [_thread_blocked, id=7960, stack(0x000000eb4aa00000,0x000000eb4ab00000) (1024K)]
  0x000001f4553e8a50 JavaThread "Stdin handler"                     [_thread_blocked, id=27716, stack(0x000000eb4ab00000,0x000000eb4ac00000) (1024K)]
  0x000001f4553e76a0 JavaThread "Daemon client event forwarder"        [_thread_blocked, id=23704, stack(0x000000eb4ac00000,0x000000eb4ad00000) (1024K)]
  0x000001f4553e9770 JavaThread "Cache worker for journal cache (C:\Users\razma\.gradle\caches\journal-1)"        [_thread_blocked, id=20092, stack(0x000000eb4ae00000,0x000000eb4af00000) (1024K)]
  0x000001f4553e90e0 JavaThread "File lock request listener"        [_thread_in_native, id=32712, stack(0x000000eb4af00000,0x000000eb4b000000) (1024K)]
  0x000001f4553e9e00 JavaThread "Cache worker for file hash cache (C:\Users\razma\.gradle\caches\8.13\fileHashes)"        [_thread_blocked, id=11124, stack(0x000000eb4b000000,0x000000eb4b100000) (1024K)]
  0x000001f4553e7010 JavaThread "Cache worker for file hash cache (C:\Users\razma\TBCWorks\.gradle\8.13\fileHashes)"        [_thread_blocked, id=25908, stack(0x000000eb4b200000,0x000000eb4b300000) (1024K)]
  0x000001f45902fb60 JavaThread "Cache worker for Build Output Cleanup Cache (C:\Users\razma\TBCWorks\.gradle\buildOutputCleanup)"        [_thread_blocked, id=22580, stack(0x000000eb4b300000,0x000000eb4b400000) (1024K)]
  0x000001f45902b9c0 JavaThread "File watcher server"        daemon [_thread_blocked, id=32668, stack(0x000000eb4b400000,0x000000eb4b500000) (1024K)]
  0x000001f45902c050 JavaThread "File watcher consumer"      daemon [_thread_blocked, id=21312, stack(0x000000eb4b500000,0x000000eb4b600000) (1024K)]
  0x000001f45902e120 JavaThread "jar transforms"                    [_thread_blocked, id=15648, stack(0x000000eb4b600000,0x000000eb4b700000) (1024K)]
  0x000001f459029f80 JavaThread "jar transforms Thread 2"           [_thread_blocked, id=31372, stack(0x000000eb4b700000,0x000000eb4b800000) (1024K)]
  0x000001f45902b330 JavaThread "Cache worker for checksums cache (C:\Users\razma\TBCWorks\.gradle\8.13\checksums)"        [_thread_blocked, id=14160, stack(0x000000eb4b800000,0x000000eb4b900000) (1024K)]
  0x000001f45902ee40 JavaThread "Cache worker for file content cache (C:\Users\razma\.gradle\caches\8.13\fileContent)"        [_thread_blocked, id=20876, stack(0x000000eb4b900000,0x000000eb4ba00000) (1024K)]
  0x000001f45902cd70 JavaThread "jar transforms Thread 3"           [_thread_blocked, id=29232, stack(0x000000eb4ba00000,0x000000eb4bb00000) (1024K)]
  0x000001f45902e7b0 JavaThread "Cache worker for cache directory md-supplier (C:\Users\razma\.gradle\caches\8.13\md-supplier)"        [_thread_blocked, id=17768, stack(0x000000eb4bb00000,0x000000eb4bc00000) (1024K)]
  0x000001f45902d400 JavaThread "Cache worker for cache directory md-rule (C:\Users\razma\.gradle\caches\8.13\md-rule)"        [_thread_blocked, id=15636, stack(0x000000eb4bc00000,0x000000eb4bd00000) (1024K)]
  0x000001f45902f4d0 JavaThread "Unconstrained build operations"        [_thread_blocked, id=32176, stack(0x000000eb4bd00000,0x000000eb4be00000) (1024K)]
  0x000001f45902a610 JavaThread "Unconstrained build operations Thread 2"        [_thread_blocked, id=31016, stack(0x000000eb4be00000,0x000000eb4bf00000) (1024K)]
  0x000001f4590301f0 JavaThread "Unconstrained build operations Thread 3"        [_thread_blocked, id=27672, stack(0x000000eb4bf00000,0x000000eb4c000000) (1024K)]
  0x000001f459030880 JavaThread "Unconstrained build operations Thread 4"        [_thread_blocked, id=28196, stack(0x000000eb4c000000,0x000000eb4c100000) (1024K)]
  0x000001f4590298f0 JavaThread "Unconstrained build operations Thread 5"        [_thread_blocked, id=5172, stack(0x000000eb4c100000,0x000000eb4c200000) (1024K)]
  0x000001f459030f10 JavaThread "Unconstrained build operations Thread 6"        [_thread_blocked, id=17120, stack(0x000000eb4c200000,0x000000eb4c300000) (1024K)]
  0x000001f4573b3f90 JavaThread "Unconstrained build operations Thread 7"        [_thread_blocked, id=15204, stack(0x000000eb4c300000,0x000000eb4c400000) (1024K)]
  0x000001f4573b4620 JavaThread "Unconstrained build operations Thread 8"        [_thread_blocked, id=25432, stack(0x000000eb4c400000,0x000000eb4c500000) (1024K)]
  0x000001f4573b2be0 JavaThread "jar transforms Thread 4"           [_thread_blocked, id=14028, stack(0x000000eb4c500000,0x000000eb4c600000) (1024K)]
  0x000001f4573b4cb0 JavaThread "jar transforms Thread 5"           [_thread_blocked, id=1608, stack(0x000000eb4c600000,0x000000eb4c700000) (1024K)]
  0x000001f4573b6d80 JavaThread "Unconstrained build operations Thread 9"        [_thread_blocked, id=15424, stack(0x000000eb4c700000,0x000000eb4c800000) (1024K)]
  0x000001f4573b5340 JavaThread "Unconstrained build operations Thread 10"        [_thread_blocked, id=30188, stack(0x000000eb4c800000,0x000000eb4c900000) (1024K)]
  0x000001f4573b59d0 JavaThread "Unconstrained build operations Thread 11"        [_thread_blocked, id=3500, stack(0x000000eb4c900000,0x000000eb4ca00000) (1024K)]
  0x000001f4573b8130 JavaThread "Unconstrained build operations Thread 12"        [_thread_blocked, id=18912, stack(0x000000eb4ca00000,0x000000eb4cb00000) (1024K)]
  0x000001f4573b7410 JavaThread "jar transforms Thread 6"           [_thread_blocked, id=19524, stack(0x000000eb4cb00000,0x000000eb4cc00000) (1024K)]
  0x000001f4573b66f0 JavaThread "jar transforms Thread 7"           [_thread_blocked, id=6328, stack(0x000000eb4cc00000,0x000000eb4cd00000) (1024K)]
  0x000001f4573b3270 JavaThread "jar transforms Thread 8"           [_thread_blocked, id=32804, stack(0x000000eb4cd00000,0x000000eb4ce00000) (1024K)]
  0x000001f4573b7aa0 JavaThread "Unconstrained build operations Thread 13"        [_thread_blocked, id=4144, stack(0x000000eb4ce00000,0x000000eb4cf00000) (1024K)]
  0x000001f4573b1ec0 JavaThread "Unconstrained build operations Thread 14"        [_thread_blocked, id=6244, stack(0x000000eb4cf00000,0x000000eb4d000000) (1024K)]
  0x000001f4573b2550 JavaThread "Unconstrained build operations Thread 15"        [_thread_blocked, id=9724, stack(0x000000eb4d000000,0x000000eb4d100000) (1024K)]
  0x000001f4573b3900 JavaThread "Unconstrained build operations Thread 16"        [_thread_blocked, id=15020, stack(0x000000eb4d100000,0x000000eb4d200000) (1024K)]
  0x000001f45a3cddf0 JavaThread "Unconstrained build operations Thread 17"        [_thread_blocked, id=25472, stack(0x000000eb4d200000,0x000000eb4d300000) (1024K)]
  0x000001f45a3cf1a0 JavaThread "Unconstrained build operations Thread 18"        [_thread_blocked, id=16056, stack(0x000000eb4d300000,0x000000eb4d400000) (1024K)]
  0x000001f45a3d0550 JavaThread "Unconstrained build operations Thread 19"        [_thread_blocked, id=14876, stack(0x000000eb4d400000,0x000000eb4d500000) (1024K)]
  0x000001f45a3cb000 JavaThread "Unconstrained build operations Thread 20"        [_thread_blocked, id=7540, stack(0x000000eb4d500000,0x000000eb4d600000) (1024K)]
  0x000001f45a3ce480 JavaThread "Unconstrained build operations Thread 21"        [_thread_blocked, id=11720, stack(0x000000eb4d600000,0x000000eb4d700000) (1024K)]
  0x000001f45a3c95c0 JavaThread "Unconstrained build operations Thread 22"        [_thread_blocked, id=31312, stack(0x000000eb4d700000,0x000000eb4d800000) (1024K)]
  0x000001f45a3cb690 JavaThread "Unconstrained build operations Thread 23"        [_thread_blocked, id=25840, stack(0x000000eb4d800000,0x000000eb4d900000) (1024K)]
  0x000001f45a3cd0d0 JavaThread "Unconstrained build operations Thread 24"        [_thread_blocked, id=7356, stack(0x000000eb4d900000,0x000000eb4da00000) (1024K)]
  0x000001f45a3ceb10 JavaThread "Unconstrained build operations Thread 25"        [_thread_blocked, id=31356, stack(0x000000eb4da00000,0x000000eb4db00000) (1024K)]
  0x000001f45a3cbd20 JavaThread "Unconstrained build operations Thread 26"        [_thread_blocked, id=10092, stack(0x000000eb4db00000,0x000000eb4dc00000) (1024K)]
  0x000001f45a3cf830 JavaThread "Unconstrained build operations Thread 27"        [_thread_blocked, id=19420, stack(0x000000eb4dc00000,0x000000eb4dd00000) (1024K)]
  0x000001f45a3cfec0 JavaThread "Unconstrained build operations Thread 28"        [_thread_blocked, id=27624, stack(0x000000eb4dd00000,0x000000eb4de00000) (1024K)]
  0x000001f45a3d0be0 JavaThread "Unconstrained build operations Thread 29"        [_thread_blocked, id=14724, stack(0x000000eb4de00000,0x000000eb4df00000) (1024K)]
  0x000001f45a3c9c50 JavaThread "Unconstrained build operations Thread 30"        [_thread_blocked, id=10904, stack(0x000000eb4df00000,0x000000eb4e000000) (1024K)]
  0x000001f45a3cc3b0 JavaThread "Unconstrained build operations Thread 31"        [_thread_blocked, id=11376, stack(0x000000eb4e000000,0x000000eb4e100000) (1024K)]
  0x000001f45a3ca970 JavaThread "Unconstrained build operations Thread 32"        [_thread_blocked, id=18048, stack(0x000000eb4e100000,0x000000eb4e200000) (1024K)]
  0x000001f45a3cd760 JavaThread "Unconstrained build operations Thread 33"        [_thread_blocked, id=28048, stack(0x000000eb4e200000,0x000000eb4e300000) (1024K)]
  0x000001f45658aab0 JavaThread "C2 CompilerThread1"         daemon [_thread_blocked, id=26428, stack(0x000000eb49b00000,0x000000eb49c00000) (1024K)]
  0x000001f45a3cca40 JavaThread "build event listener"              [_thread_blocked, id=22680, stack(0x000000eb4b100000,0x000000eb4b200000) (1024K)]
  0x000001f456947130 JavaThread "Memory manager"                    [_thread_blocked, id=24788, stack(0x000000eb4e300000,0x000000eb4e400000) (1024K)]
  0x000001f456947e50 JavaThread "build event listener"              [_thread_blocked, id=34836, stack(0x000000eb4e500000,0x000000eb4e600000) (1024K)]
  0x000001f45658da60 JavaThread "C2 CompilerThread2"         daemon [_thread_blocked, id=5640, stack(0x000000eb4e400000,0x000000eb4e500000) (1024K)]
  0x000001f45c1014e0 JavaThread "pool-3-thread-1"                   [_thread_blocked, id=4592, stack(0x000000eb4e600000,0x000000eb4e700000) (1024K)]
  0x000001f45c1007c0 JavaThread "build event listener"              [_thread_blocked, id=4720, stack(0x000000eb4e700000,0x000000eb4e800000) (1024K)]
  0x000001f45c100130 JavaThread "included builds"                   [_thread_blocked, id=12920, stack(0x000000eb4e800000,0x000000eb4e900000) (1024K)]
  0x000001f45c102200 JavaThread "Execution worker"                  [_thread_blocked, id=20604, stack(0x000000eb4e900000,0x000000eb4ea00000) (1024K)]
  0x000001f45c101b70 JavaThread "Execution worker Thread 2"         [_thread_blocked, id=28076, stack(0x000000eb4ea00000,0x000000eb4eb00000) (1024K)]
  0x000001f45c103c40 JavaThread "Execution worker Thread 3"         [_thread_blocked, id=26828, stack(0x000000eb4eb00000,0x000000eb4ec00000) (1024K)]
  0x000001f45c102890 JavaThread "Execution worker Thread 4"         [_thread_blocked, id=25424, stack(0x000000eb4ec00000,0x000000eb4ed00000) (1024K)]
  0x000001f45c105d10 JavaThread "Execution worker Thread 5"         [_thread_blocked, id=11480, stack(0x000000eb4ed00000,0x000000eb4ee00000) (1024K)]
  0x000001f45c102f20 JavaThread "Execution worker Thread 6"         [_thread_blocked, id=17980, stack(0x000000eb4ee00000,0x000000eb4ef00000) (1024K)]
  0x000001f45c1035b0 JavaThread "Execution worker Thread 7"         [_thread_blocked, id=27156, stack(0x000000eb4ef00000,0x000000eb4f000000) (1024K)]
  0x000001f45c1042d0 JavaThread "Cache worker for execution history cache (C:\Users\razma\TBCWorks\.gradle\8.13\executionHistory)"        [_thread_blocked, id=32204, stack(0x000000eb4f000000,0x000000eb4f100000) (1024K)]
  0x000001f45c104960 JavaThread "Unconstrained build operations Thread 34"        [_thread_blocked, id=19412, stack(0x000000eb4f100000,0x000000eb4f200000) (1024K)]
  0x000001f45c104ff0 JavaThread "Unconstrained build operations Thread 35"        [_thread_blocked, id=29260, stack(0x000000eb4f200000,0x000000eb4f300000) (1024K)]
  0x000001f45c105680 JavaThread "Unconstrained build operations Thread 36"        [_thread_blocked, id=8356, stack(0x000000eb4f300000,0x000000eb4f400000) (1024K)]
  0x000001f45c1063a0 JavaThread "Unconstrained build operations Thread 37"        [_thread_blocked, id=1216, stack(0x000000eb4f400000,0x000000eb4f500000) (1024K)]
  0x000001f45c106a30 JavaThread "Unconstrained build operations Thread 38"        [_thread_blocked, id=2944, stack(0x000000eb4f500000,0x000000eb4f600000) (1024K)]
  0x000001f45c107750 JavaThread "Unconstrained build operations Thread 39"        [_thread_blocked, id=23964, stack(0x000000eb4f600000,0x000000eb4f700000) (1024K)]
  0x000001f45c100e50 JavaThread "Unconstrained build operations Thread 40"        [_thread_blocked, id=22808, stack(0x000000eb4f700000,0x000000eb4f800000) (1024K)]
  0x000001f455bf98d0 JavaThread "Unconstrained build operations Thread 41"        [_thread_blocked, id=27760, stack(0x000000eb4f800000,0x000000eb4f900000) (1024K)]
  0x000001f455bf5730 JavaThread "Unconstrained build operations Thread 42"        [_thread_blocked, id=36212, stack(0x000000eb4f900000,0x000000eb4fa00000) (1024K)]
  0x000001f455bf4a10 JavaThread "Unconstrained build operations Thread 43"        [_thread_blocked, id=14536, stack(0x000000eb4fa00000,0x000000eb4fb00000) (1024K)]
  0x000001f455bfa5f0 JavaThread "Unconstrained build operations Thread 44"        [_thread_blocked, id=21604, stack(0x000000eb4fb00000,0x000000eb4fc00000) (1024K)]
  0x000001f455bf4380 JavaThread "Unconstrained build operations Thread 45"        [_thread_blocked, id=30764, stack(0x000000eb4fc00000,0x000000eb4fd00000) (1024K)]
  0x000001f455bf6450 JavaThread "Unconstrained build operations Thread 46"        [_thread_blocked, id=8244, stack(0x000000eb4fd00000,0x000000eb4fe00000) (1024K)]
  0x000001f45cc30d90 JavaThread "Unconstrained build operations Thread 47"        [_thread_blocked, id=30416, stack(0x000000eb4fe00000,0x000000eb4ff00000) (1024K)]
  0x000001f45cc334f0 JavaThread "Unconstrained build operations Thread 48"        [_thread_blocked, id=30804, stack(0x000000eb4ff00000,0x000000eb50000000) (1024K)]
  0x000001f45cc2f9e0 JavaThread "Unconstrained build operations Thread 49"        [_thread_blocked, id=12892, stack(0x000000eb50000000,0x000000eb50100000) (1024K)]
  0x000001f45cc2cbf0 JavaThread "Unconstrained build operations Thread 50"        [_thread_blocked, id=25104, stack(0x000000eb50100000,0x000000eb50200000) (1024K)]
  0x000001f45cc30070 JavaThread "Unconstrained build operations Thread 51"        [_thread_blocked, id=24908, stack(0x000000eb50200000,0x000000eb50300000) (1024K)]
  0x000001f45cc327d0 JavaThread "Unconstrained build operations Thread 52"        [_thread_blocked, id=15132, stack(0x000000eb50300000,0x000000eb50400000) (1024K)]
  0x000001f45cc34210 JavaThread "Unconstrained build operations Thread 53"        [_thread_blocked, id=9852, stack(0x000000eb50400000,0x000000eb50500000) (1024K)]
  0x000001f45cc30700 JavaThread "Unconstrained build operations Thread 54"        [_thread_blocked, id=33964, stack(0x000000eb50500000,0x000000eb50600000) (1024K)]
  0x000001f45cc33b80 JavaThread "Unconstrained build operations Thread 55"        [_thread_blocked, id=16548, stack(0x000000eb50600000,0x000000eb50700000) (1024K)]
  0x000001f45cc31ab0 JavaThread "Unconstrained build operations Thread 56"        [_thread_blocked, id=6828, stack(0x000000eb50700000,0x000000eb50800000) (1024K)]
  0x000001f45cc32e60 JavaThread "Unconstrained build operations Thread 57"        [_thread_blocked, id=26128, stack(0x000000eb50800000,0x000000eb50900000) (1024K)]
  0x000001f45cc2d280 JavaThread "Unconstrained build operations Thread 58"        [_thread_blocked, id=6832, stack(0x000000eb50900000,0x000000eb50a00000) (1024K)]
  0x000001f45cc2d910 JavaThread "Unconstrained build operations Thread 59"        [_thread_blocked, id=26488, stack(0x000000eb50a00000,0x000000eb50b00000) (1024K)]
  0x000001f45cc2dfa0 JavaThread "Unconstrained build operations Thread 60"        [_thread_blocked, id=10480, stack(0x000000eb50b00000,0x000000eb50c00000) (1024K)]
  0x000001f45cc31420 JavaThread "Unconstrained build operations Thread 61"        [_thread_blocked, id=7768, stack(0x000000eb50c00000,0x000000eb50d00000) (1024K)]
  0x000001f45cc2ecc0 JavaThread "Unconstrained build operations Thread 62"        [_thread_blocked, id=4916, stack(0x000000eb50d00000,0x000000eb50e00000) (1024K)]
  0x000001f4626a5c10 JavaThread "Unconstrained build operations Thread 63"        [_thread_blocked, id=25884, stack(0x000000eb50e00000,0x000000eb50f00000) (1024K)]
  0x000001f4626a0d50 JavaThread "Unconstrained build operations Thread 64"        [_thread_blocked, id=19260, stack(0x000000eb50f00000,0x000000eb51000000) (1024K)]
  0x000001f4626a4ef0 JavaThread "Unconstrained build operations Thread 65"        [_thread_blocked, id=28188, stack(0x000000eb51000000,0x000000eb51100000) (1024K)]
  0x000001f4626a5580 JavaThread "Unconstrained build operations Thread 66"        [_thread_blocked, id=26588, stack(0x000000eb51100000,0x000000eb51200000) (1024K)]
  0x000001f4626a62a0 JavaThread "Unconstrained build operations Thread 67"        [_thread_blocked, id=2500, stack(0x000000eb51200000,0x000000eb51300000) (1024K)]
  0x000001f4626a2790 JavaThread "Unconstrained build operations Thread 68"        [_thread_blocked, id=18940, stack(0x000000eb51300000,0x000000eb51400000) (1024K)]
  0x000001f4626a2100 JavaThread "Unconstrained build operations Thread 69"        [_thread_blocked, id=34848, stack(0x000000eb51400000,0x000000eb51500000) (1024K)]
  0x000001f4626a2e20 JavaThread "Unconstrained build operations Thread 70"        [_thread_blocked, id=17868, stack(0x000000eb51500000,0x000000eb51600000) (1024K)]
  0x000001f4626a34b0 JavaThread "Unconstrained build operations Thread 71"        [_thread_blocked, id=14100, stack(0x000000eb51600000,0x000000eb51700000) (1024K)]
  0x000001f4626a06c0 JavaThread "Unconstrained build operations Thread 72"        [_thread_blocked, id=21600, stack(0x000000eb51700000,0x000000eb51800000) (1024K)]
  0x000001f46269f310 JavaThread "Unconstrained build operations Thread 73"        [_thread_blocked, id=16772, stack(0x000000eb51800000,0x000000eb51900000) (1024K)]
  0x000001f4626a4860 JavaThread "Unconstrained build operations Thread 74"        [_thread_blocked, id=26188, stack(0x000000eb51900000,0x000000eb51a00000) (1024K)]
  0x000001f4626a3b40 JavaThread "Unconstrained build operations Thread 75"        [_thread_blocked, id=36608, stack(0x000000eb51a00000,0x000000eb51b00000) (1024K)]
  0x000001f4626a13e0 JavaThread "Unconstrained build operations Thread 76"        [_thread_blocked, id=35792, stack(0x000000eb51b00000,0x000000eb51c00000) (1024K)]
  0x000001f4626a41d0 JavaThread "Unconstrained build operations Thread 77"        [_thread_blocked, id=16728, stack(0x000000eb51c00000,0x000000eb51d00000) (1024K)]
  0x000001f4626a6930 JavaThread "Unconstrained build operations Thread 78"        [_thread_blocked, id=35908, stack(0x000000eb51d00000,0x000000eb51e00000) (1024K)]
  0x000001f46269f9a0 JavaThread "Unconstrained build operations Thread 79"        [_thread_blocked, id=26208, stack(0x000000eb51e00000,0x000000eb51f00000) (1024K)]
  0x000001f4626a0030 JavaThread "Unconstrained build operations Thread 80"        [_thread_blocked, id=30768, stack(0x000000eb51f00000,0x000000eb52000000) (1024K)]
  0x000001f4622eab50 JavaThread "WorkerExecutor Queue"              [_thread_blocked, id=25392, stack(0x000000eb52000000,0x000000eb52100000) (1024K)]
  0x000001f455bf7800 JavaThread "WorkerExecutor Queue Thread 2"        [_thread_blocked, id=11600, stack(0x000000eb52100000,0x000000eb52200000) (1024K)]
  0x000001f4622e76d0 JavaThread "WorkerExecutor Queue Thread 3"        [_thread_blocked, id=11012, stack(0x000000eb52200000,0x000000eb52300000) (1024K)]
  0x000001f4622e83f0 JavaThread "WorkerExecutor Queue Thread 4"        [_thread_blocked, id=29252, stack(0x000000eb52300000,0x000000eb52400000) (1024K)]
  0x000001f4622eb870 JavaThread "WorkerExecutor Queue Thread 5"        [_thread_blocked, id=34356, stack(0x000000eb52400000,0x000000eb52500000) (1024K)]
  0x000001f4622e8a80 JavaThread "ForkJoinPool-1-worker-1"    daemon [_thread_blocked, id=9908, stack(0x000000eb52500000,0x000000eb52600000) (1024K)]
  0x000001f4622ea4c0 JavaThread "ForkJoinPool-1-worker-2"    daemon [_thread_blocked, id=30656, stack(0x000000eb52600000,0x000000eb52700000) (1024K)]
  0x000001f4622ebf00 JavaThread "ForkJoinPool-1-worker-3"    daemon [_thread_blocked, id=16044, stack(0x000000eb52700000,0x000000eb52800000) (1024K)]
  0x000001f4622e9110 JavaThread "ForkJoinPool-1-worker-4"    daemon [_thread_blocked, id=11320, stack(0x000000eb52800000,0x000000eb52900000) (1024K)]
  0x000001f4622e4f70 JavaThread "ForkJoinPool-1-worker-5"    daemon [_thread_blocked, id=26480, stack(0x000000eb52900000,0x000000eb52a00000) (1024K)]
  0x000001f4622e97a0 JavaThread "ForkJoinPool-1-worker-6"    daemon [_thread_blocked, id=8544, stack(0x000000eb52a00000,0x000000eb52b00000) (1024K)]
  0x000001f4622e5c90 JavaThread "ForkJoinPool-1-worker-7"    daemon [_thread_blocked, id=2764, stack(0x000000eb52b00000,0x000000eb52c00000) (1024K)]
  0x000001f4622e6320 JavaThread "ForkJoinPool-1-worker-8"    daemon [_thread_blocked, id=36332, stack(0x000000eb52c00000,0x000000eb52d00000) (1024K)]
Total: 149

Other Threads:
  0x000001f44f165f40 VMThread "VM Thread"                           [id=31740, stack(0x000000eb49000000,0x000000eb49100000) (1024K)]
  0x000001f44f04fbe0 WatcherThread "VM Periodic Task Thread"        [id=15700, stack(0x000000eb48f00000,0x000000eb49000000) (1024K)]
  0x000001f4379a6a40 WorkerThread "GC Thread#0"                     [id=31932, stack(0x000000eb48a00000,0x000000eb48b00000) (1024K)]
  0x000001f44f758420 WorkerThread "GC Thread#1"                     [id=8284, stack(0x000000eb49d00000,0x000000eb49e00000) (1024K)]
=>0x000001f44fb4f050 WorkerThread "GC Thread#2"                     [id=9832, stack(0x000000eb49e00000,0x000000eb49f00000) (1024K)]
  0x000001f44fb4f800 WorkerThread "GC Thread#3"                     [id=30184, stack(0x000000eb49f00000,0x000000eb4a000000) (1024K)]
  0x000001f44f8841f0 WorkerThread "GC Thread#4"                     [id=18852, stack(0x000000eb4a000000,0x000000eb4a100000) (1024K)]
  0x000001f44f883370 WorkerThread "GC Thread#5"                     [id=11280, stack(0x000000eb4a100000,0x000000eb4a200000) (1024K)]
  0x000001f44f883ab0 WorkerThread "GC Thread#6"                     [id=17736, stack(0x000000eb4a200000,0x000000eb4a300000) (1024K)]
  0x000001f44f884930 WorkerThread "GC Thread#7"                     [id=27372, stack(0x000000eb4a300000,0x000000eb4a400000) (1024K)]
  0x000001f4379b7930 ConcurrentGCThread "G1 Main Marker"            [id=29912, stack(0x000000eb48b00000,0x000000eb48c00000) (1024K)]
  0x000001f4379b94c0 WorkerThread "G1 Conc#0"                       [id=22352, stack(0x000000eb48c00000,0x000000eb48d00000) (1024K)]
  0x000001f44f883e50 WorkerThread "G1 Conc#1"                       [id=32752, stack(0x000000eb4ad00000,0x000000eb4ae00000) (1024K)]
  0x000001f44efa1b50 ConcurrentGCThread "G1 Refine#0"               [id=16212, stack(0x000000eb48d00000,0x000000eb48e00000) (1024K)]
  0x000001f44efa25d0 ConcurrentGCThread "G1 Service"                [id=31676, stack(0x000000eb48e00000,0x000000eb48f00000) (1024K)]
Total: 15

Threads with active compile tasks:
C2 CompilerThread0  25669 19987 %     4       com.android.tools.r8.dex.c0::a @ 293 (1016 bytes)
C2 CompilerThread1  25669 19765       4       com.android.tools.r8.internal.rc0::a (3327 bytes)
C2 CompilerThread2  25669 20046       4       com.android.tools.r8.dex.c0::a (881 bytes)
Total: 3

VM state: at safepoint (normal execution)

VM Mutex/Monitor currently owned by a thread:  ([mutex/lock_event])
[0x00007ff8b0751468] Threads_lock - owner thread: 0x000001f44f165f40
[0x00007ff8b0751568] Heap_lock - owner thread: 0x000001f4622e97a0

Heap address: 0x0000000080000000, size: 2048 MB, Compressed Oops mode: 32-bit

CDS archive(s) not mapped
Compressed class space mapped at: 0x0000000100000000-0x0000000140000000, reserved size: 1073741824
Narrow klass base: 0x0000000000000000, Narrow klass shift: 3, Narrow klass range: 0x140000000

GC Precious Log:
 CardTable entry size: 512
 Card Set container configuration: InlinePtr #cards 5 size 8 Array Of Cards #cards 12 size 40 Howl #buckets 4 coarsen threshold 1843 Howl Bitmap #cards 512 size 80 coarsen threshold 460 Card regions per heap region 1 cards per card region 2048
 CPUs: 8 total, 8 available
 Memory: 24469M
 Large Page Support: Disabled
 NUMA Support: Disabled
 Compressed Oops: Enabled (32-bit)
 Heap Region Size: 1M
 Heap Min Capacity: 8M
 Heap Initial Capacity: 384M
 Heap Max Capacity: 2G
 Pre-touch: Disabled
 Parallel Workers: 8
 Concurrent Workers: 2
 Concurrent Refinement Workers: 8
 Periodic GC: Disabled

Heap:
 garbage-first heap   total 486400K, used 413696K [0x0000000080000000, 0x0000000100000000)
  region size 1024K, 115 young (117760K), 14 survivors (14336K)
 Metaspace       used 167472K, committed 169984K, reserved 1245184K
  class space    used 22765K, committed 24000K, reserved 1048576K

Heap Regions: E=young(eden), S=young(survivor), O=old, HS=humongous(starts), HC=humongous(continues), CS=collection set, F=free, TAMS=top-at-mark-start, PB=parsable bottom
|   0|0x0000000080000000, 0x0000000080100000, 0x0000000080100000|100%|HS|  |TAMS 0x0000000080000000| PB 0x0000000080000000| Complete 
|   1|0x0000000080100000, 0x0000000080200000, 0x0000000080200000|100%|HC|  |TAMS 0x0000000080100000| PB 0x0000000080100000| Complete 
|   2|0x0000000080200000, 0x0000000080300000, 0x0000000080300000|100%|HC|  |TAMS 0x0000000080200000| PB 0x0000000080200000| Complete 
|   3|0x0000000080300000, 0x0000000080400000, 0x0000000080400000|100%| O|  |TAMS 0x0000000080300000| PB 0x0000000080300000| Untracked 
|   4|0x0000000080400000, 0x0000000080500000, 0x0000000080500000|100%| O|  |TAMS 0x0000000080400000| PB 0x0000000080400000| Untracked 
|   5|0x0000000080500000, 0x0000000080600000, 0x0000000080600000|100%| O|  |TAMS 0x0000000080500000| PB 0x0000000080500000| Untracked 
|   6|0x0000000080600000, 0x0000000080700000, 0x0000000080700000|100%|HS|  |TAMS 0x0000000080600000| PB 0x0000000080600000| Complete 
|   7|0x0000000080700000, 0x0000000080800000, 0x0000000080800000|100%| O|  |TAMS 0x0000000080700000| PB 0x0000000080700000| Untracked 
|   8|0x0000000080800000, 0x0000000080900000, 0x0000000080900000|100%| O|  |TAMS 0x0000000080800000| PB 0x0000000080800000| Untracked 
|   9|0x0000000080900000, 0x0000000080a00000, 0x0000000080a00000|100%| O|  |TAMS 0x0000000080900000| PB 0x0000000080900000| Untracked 
|  10|0x0000000080a00000, 0x0000000080b00000, 0x0000000080b00000|100%| O|  |TAMS 0x0000000080a00000| PB 0x0000000080a00000| Untracked 
|  11|0x0000000080b00000, 0x0000000080c00000, 0x0000000080c00000|100%| O|  |TAMS 0x0000000080b00000| PB 0x0000000080b00000| Untracked 
|  12|0x0000000080c00000, 0x0000000080d00000, 0x0000000080d00000|100%| O|  |TAMS 0x0000000080c00000| PB 0x0000000080c00000| Untracked 
|  13|0x0000000080d00000, 0x0000000080e00000, 0x0000000080e00000|100%| O|  |TAMS 0x0000000080d00000| PB 0x0000000080d00000| Untracked 
|  14|0x0000000080e00000, 0x0000000080f00000, 0x0000000080f00000|100%| O|  |TAMS 0x0000000080e00000| PB 0x0000000080e00000| Untracked 
|  15|0x0000000080f00000, 0x0000000081000000, 0x0000000081000000|100%| O|  |TAMS 0x0000000080f00000| PB 0x0000000080f00000| Untracked 
|  16|0x0000000081000000, 0x0000000081100000, 0x0000000081100000|100%| O|  |TAMS 0x0000000081000000| PB 0x0000000081000000| Untracked 
|  17|0x0000000081100000, 0x0000000081200000, 0x0000000081200000|100%| O|  |TAMS 0x0000000081100000| PB 0x0000000081100000| Untracked 
|  18|0x0000000081200000, 0x0000000081300000, 0x0000000081300000|100%| O|  |TAMS 0x0000000081200000| PB 0x0000000081200000| Untracked 
|  19|0x0000000081300000, 0x0000000081400000, 0x0000000081400000|100%| O|  |TAMS 0x0000000081300000| PB 0x0000000081300000| Untracked 
|  20|0x0000000081400000, 0x0000000081500000, 0x0000000081500000|100%| O|  |TAMS 0x0000000081400000| PB 0x0000000081400000| Untracked 
|  21|0x0000000081500000, 0x0000000081600000, 0x0000000081600000|100%| O|  |TAMS 0x0000000081500000| PB 0x0000000081500000| Untracked 
|  22|0x0000000081600000, 0x0000000081700000, 0x0000000081700000|100%| O|  |TAMS 0x0000000081600000| PB 0x0000000081600000| Untracked 
|  23|0x0000000081700000, 0x0000000081800000, 0x0000000081800000|100%| O|  |TAMS 0x0000000081700000| PB 0x0000000081700000| Untracked 
|  24|0x0000000081800000, 0x0000000081900000, 0x0000000081900000|100%| O|  |TAMS 0x0000000081800000| PB 0x0000000081800000| Untracked 
|  25|0x0000000081900000, 0x0000000081a00000, 0x0000000081a00000|100%| O|  |TAMS 0x0000000081900000| PB 0x0000000081900000| Untracked 
|  26|0x0000000081a00000, 0x0000000081b00000, 0x0000000081b00000|100%| O|  |TAMS 0x0000000081a00000| PB 0x0000000081a00000| Untracked 
|  27|0x0000000081b00000, 0x0000000081c00000, 0x0000000081c00000|100%| O|  |TAMS 0x0000000081b00000| PB 0x0000000081b00000| Untracked 
|  28|0x0000000081c00000, 0x0000000081d00000, 0x0000000081d00000|100%| O|  |TAMS 0x0000000081c00000| PB 0x0000000081c00000| Untracked 
|  29|0x0000000081d00000, 0x0000000081e00000, 0x0000000081e00000|100%| O|  |TAMS 0x0000000081d00000| PB 0x0000000081d00000| Untracked 
|  30|0x0000000081e00000, 0x0000000081f00000, 0x0000000081f00000|100%| O|  |TAMS 0x0000000081e00000| PB 0x0000000081e00000| Untracked 
|  31|0x0000000081f00000, 0x0000000082000000, 0x0000000082000000|100%| O|  |TAMS 0x0000000081f00000| PB 0x0000000081f00000| Untracked 
|  32|0x0000000082000000, 0x0000000082100000, 0x0000000082100000|100%| O|  |TAMS 0x0000000082000000| PB 0x0000000082000000| Untracked 
|  33|0x0000000082100000, 0x0000000082200000, 0x0000000082200000|100%| O|  |TAMS 0x0000000082100000| PB 0x0000000082100000| Untracked 
|  34|0x0000000082200000, 0x0000000082300000, 0x0000000082300000|100%| O|  |TAMS 0x0000000082200000| PB 0x0000000082200000| Untracked 
|  35|0x0000000082300000, 0x0000000082400000, 0x0000000082400000|100%| O|  |TAMS 0x0000000082300000| PB 0x0000000082300000| Untracked 
|  36|0x0000000082400000, 0x0000000082500000, 0x0000000082500000|100%| O|  |TAMS 0x0000000082400000| PB 0x0000000082400000| Untracked 
|  37|0x0000000082500000, 0x0000000082600000, 0x0000000082600000|100%| O|  |TAMS 0x0000000082500000| PB 0x0000000082500000| Untracked 
|  38|0x0000000082600000, 0x0000000082700000, 0x0000000082700000|100%| O|  |TAMS 0x0000000082600000| PB 0x0000000082600000| Untracked 
|  39|0x0000000082700000, 0x0000000082800000, 0x0000000082800000|100%| O|  |TAMS 0x0000000082700000| PB 0x0000000082700000| Untracked 
|  40|0x0000000082800000, 0x0000000082900000, 0x0000000082900000|100%| O|  |TAMS 0x0000000082800000| PB 0x0000000082800000| Untracked 
|  41|0x0000000082900000, 0x0000000082a00000, 0x0000000082a00000|100%| O|  |TAMS 0x0000000082900000| PB 0x0000000082900000| Untracked 
|  42|0x0000000082a00000, 0x0000000082b00000, 0x0000000082b00000|100%| O|  |TAMS 0x0000000082a00000| PB 0x0000000082a00000| Untracked 
|  43|0x0000000082b00000, 0x0000000082c00000, 0x0000000082c00000|100%| O|  |TAMS 0x0000000082b00000| PB 0x0000000082b00000| Untracked 
|  44|0x0000000082c00000, 0x0000000082d00000, 0x0000000082d00000|100%| O|  |TAMS 0x0000000082c00000| PB 0x0000000082c00000| Untracked 
|  45|0x0000000082d00000, 0x0000000082e00000, 0x0000000082e00000|100%| O|  |TAMS 0x0000000082d00000| PB 0x0000000082d00000| Untracked 
|  46|0x0000000082e00000, 0x0000000082f00000, 0x0000000082f00000|100%| O|  |TAMS 0x0000000082e00000| PB 0x0000000082e00000| Untracked 
|  47|0x0000000082f00000, 0x0000000083000000, 0x0000000083000000|100%|HS|  |TAMS 0x0000000082f00000| PB 0x0000000082f00000| Complete 
|  48|0x0000000083000000, 0x0000000083100000, 0x0000000083100000|100%|HS|  |TAMS 0x0000000083000000| PB 0x0000000083000000| Complete 
|  49|0x0000000083100000, 0x0000000083200000, 0x0000000083200000|100%|HS|  |TAMS 0x0000000083100000| PB 0x0000000083100000| Complete 
|  50|0x0000000083200000, 0x0000000083300000, 0x0000000083300000|100%|HC|  |TAMS 0x0000000083200000| PB 0x0000000083200000| Complete 
|  51|0x0000000083300000, 0x0000000083400000, 0x0000000083400000|100%|HS|  |TAMS 0x0000000083300000| PB 0x0000000083300000| Complete 
|  52|0x0000000083400000, 0x0000000083500000, 0x0000000083500000|100%| O|  |TAMS 0x0000000083400000| PB 0x0000000083400000| Untracked 
|  53|0x0000000083500000, 0x0000000083600000, 0x0000000083600000|100%| O|  |TAMS 0x0000000083500000| PB 0x0000000083500000| Untracked 
|  54|0x0000000083600000, 0x0000000083700000, 0x0000000083700000|100%|HS|  |TAMS 0x0000000083600000| PB 0x0000000083600000| Complete 
|  55|0x0000000083700000, 0x0000000083800000, 0x0000000083800000|100%|HC|  |TAMS 0x0000000083700000| PB 0x0000000083700000| Complete 
|  56|0x0000000083800000, 0x0000000083900000, 0x0000000083900000|100%|HS|  |TAMS 0x0000000083800000| PB 0x0000000083800000| Complete 
|  57|0x0000000083900000, 0x0000000083a00000, 0x0000000083a00000|100%| O|  |TAMS 0x0000000083900000| PB 0x0000000083900000| Untracked 
|  58|0x0000000083a00000, 0x0000000083b00000, 0x0000000083b00000|100%|HS|  |TAMS 0x0000000083a00000| PB 0x0000000083a00000| Complete 
|  59|0x0000000083b00000, 0x0000000083c00000, 0x0000000083c00000|100%|HS|  |TAMS 0x0000000083b00000| PB 0x0000000083b00000| Complete 
|  60|0x0000000083c00000, 0x0000000083d00000, 0x0000000083d00000|100%| O|  |TAMS 0x0000000083c00000| PB 0x0000000083c00000| Untracked 
|  61|0x0000000083d00000, 0x0000000083e00000, 0x0000000083e00000|100%| O|  |TAMS 0x0000000083d00000| PB 0x0000000083d00000| Untracked 
|  62|0x0000000083e00000, 0x0000000083f00000, 0x0000000083f00000|100%| O|  |TAMS 0x0000000083e00000| PB 0x0000000083e00000| Untracked 
|  63|0x0000000083f00000, 0x0000000084000000, 0x0000000084000000|100%| O|  |TAMS 0x0000000083f00000| PB 0x0000000083f00000| Untracked 
|  64|0x0000000084000000, 0x0000000084100000, 0x0000000084100000|100%| O|  |TAMS 0x0000000084000000| PB 0x0000000084000000| Untracked 
|  65|0x0000000084100000, 0x0000000084200000, 0x0000000084200000|100%| O|  |TAMS 0x0000000084100000| PB 0x0000000084100000| Untracked 
|  66|0x0000000084200000, 0x0000000084300000, 0x0000000084300000|100%| O|  |TAMS 0x0000000084200000| PB 0x0000000084200000| Untracked 
|  67|0x0000000084300000, 0x0000000084400000, 0x0000000084400000|100%| O|  |TAMS 0x0000000084300000| PB 0x0000000084300000| Untracked 
|  68|0x0000000084400000, 0x0000000084500000, 0x0000000084500000|100%| O|  |TAMS 0x0000000084400000| PB 0x0000000084400000| Untracked 
|  69|0x0000000084500000, 0x0000000084600000, 0x0000000084600000|100%| O|  |TAMS 0x0000000084500000| PB 0x0000000084500000| Untracked 
|  70|0x0000000084600000, 0x0000000084700000, 0x0000000084700000|100%| O|  |TAMS 0x0000000084600000| PB 0x0000000084600000| Untracked 
|  71|0x0000000084700000, 0x0000000084800000, 0x0000000084800000|100%| O|  |TAMS 0x0000000084700000| PB 0x0000000084700000| Untracked 
|  72|0x0000000084800000, 0x0000000084900000, 0x0000000084900000|100%| O|  |TAMS 0x0000000084800000| PB 0x0000000084800000| Untracked 
|  73|0x0000000084900000, 0x0000000084a00000, 0x0000000084a00000|100%| O|  |TAMS 0x0000000084900000| PB 0x0000000084900000| Untracked 
|  74|0x0000000084a00000, 0x0000000084b00000, 0x0000000084b00000|100%| O|  |TAMS 0x0000000084a00000| PB 0x0000000084a00000| Untracked 
|  75|0x0000000084b00000, 0x0000000084c00000, 0x0000000084c00000|100%| O|  |TAMS 0x0000000084b00000| PB 0x0000000084b00000| Untracked 
|  76|0x0000000084c00000, 0x0000000084d00000, 0x0000000084d00000|100%| O|  |TAMS 0x0000000084c00000| PB 0x0000000084c00000| Untracked 
|  77|0x0000000084d00000, 0x0000000084e00000, 0x0000000084e00000|100%| O|  |TAMS 0x0000000084d00000| PB 0x0000000084d00000| Untracked 
|  78|0x0000000084e00000, 0x0000000084f00000, 0x0000000084f00000|100%| O|  |TAMS 0x0000000084e00000| PB 0x0000000084e00000| Untracked 
|  79|0x0000000084f00000, 0x0000000085000000, 0x0000000085000000|100%|HS|  |TAMS 0x0000000084f00000| PB 0x0000000084f00000| Complete 
|  80|0x0000000085000000, 0x0000000085100000, 0x0000000085100000|100%| O|  |TAMS 0x0000000085000000| PB 0x0000000085000000| Untracked 
|  81|0x0000000085100000, 0x0000000085200000, 0x0000000085200000|100%| O|  |TAMS 0x0000000085100000| PB 0x0000000085100000| Untracked 
|  82|0x0000000085200000, 0x0000000085300000, 0x0000000085300000|100%| O|  |TAMS 0x0000000085200000| PB 0x0000000085200000| Untracked 
|  83|0x0000000085300000, 0x0000000085400000, 0x0000000085400000|100%| O|  |TAMS 0x0000000085300000| PB 0x0000000085300000| Untracked 
|  84|0x0000000085400000, 0x0000000085500000, 0x0000000085500000|100%| O|  |TAMS 0x0000000085400000| PB 0x0000000085400000| Untracked 
|  85|0x0000000085500000, 0x0000000085600000, 0x0000000085600000|100%| O|  |TAMS 0x0000000085500000| PB 0x0000000085500000| Untracked 
|  86|0x0000000085600000, 0x0000000085700000, 0x0000000085700000|100%| O|  |TAMS 0x0000000085600000| PB 0x0000000085600000| Untracked 
|  87|0x0000000085700000, 0x0000000085800000, 0x0000000085800000|100%| O|  |TAMS 0x0000000085700000| PB 0x0000000085700000| Untracked 
|  88|0x0000000085800000, 0x0000000085900000, 0x0000000085900000|100%| O|  |TAMS 0x0000000085800000| PB 0x0000000085800000| Untracked 
|  89|0x0000000085900000, 0x0000000085a00000, 0x0000000085a00000|100%| O|  |TAMS 0x0000000085900000| PB 0x0000000085900000| Untracked 
|  90|0x0000000085a00000, 0x0000000085b00000, 0x0000000085b00000|100%| O|  |TAMS 0x0000000085a00000| PB 0x0000000085a00000| Untracked 
|  91|0x0000000085b00000, 0x0000000085c00000, 0x0000000085c00000|100%| O|  |TAMS 0x0000000085b00000| PB 0x0000000085b00000| Untracked 
|  92|0x0000000085c00000, 0x0000000085d00000, 0x0000000085d00000|100%| O|  |TAMS 0x0000000085c00000| PB 0x0000000085c00000| Untracked 
|  93|0x0000000085d00000, 0x0000000085e00000, 0x0000000085e00000|100%| O|  |TAMS 0x0000000085d00000| PB 0x0000000085d00000| Untracked 
|  94|0x0000000085e00000, 0x0000000085f00000, 0x0000000085f00000|100%| O|  |TAMS 0x0000000085e00000| PB 0x0000000085e00000| Untracked 
|  95|0x0000000085f00000, 0x0000000086000000, 0x0000000086000000|100%| O|  |TAMS 0x0000000085f00000| PB 0x0000000085f00000| Untracked 
|  96|0x0000000086000000, 0x0000000086100000, 0x0000000086100000|100%| O|  |TAMS 0x0000000086000000| PB 0x0000000086000000| Untracked 
|  97|0x0000000086100000, 0x0000000086200000, 0x0000000086200000|100%| O|  |TAMS 0x0000000086100000| PB 0x0000000086100000| Untracked 
|  98|0x0000000086200000, 0x0000000086300000, 0x0000000086300000|100%| O|  |TAMS 0x0000000086200000| PB 0x0000000086200000| Untracked 
|  99|0x0000000086300000, 0x0000000086400000, 0x0000000086400000|100%| O|  |TAMS 0x0000000086300000| PB 0x0000000086300000| Untracked 
| 100|0x0000000086400000, 0x0000000086500000, 0x0000000086500000|100%| O|  |TAMS 0x0000000086400000| PB 0x0000000086400000| Untracked 
| 101|0x0000000086500000, 0x0000000086600000, 0x0000000086600000|100%| O|  |TAMS 0x0000000086500000| PB 0x0000000086500000| Untracked 
| 102|0x0000000086600000, 0x0000000086700000, 0x0000000086700000|100%| O|  |TAMS 0x0000000086600000| PB 0x0000000086600000| Untracked 
| 103|0x0000000086700000, 0x0000000086800000, 0x0000000086800000|100%| O|  |TAMS 0x0000000086700000| PB 0x0000000086700000| Untracked 
| 104|0x0000000086800000, 0x0000000086900000, 0x0000000086900000|100%| O|  |TAMS 0x0000000086800000| PB 0x0000000086800000| Untracked 
| 105|0x0000000086900000, 0x0000000086a00000, 0x0000000086a00000|100%| O|  |TAMS 0x0000000086900000| PB 0x0000000086900000| Untracked 
| 106|0x0000000086a00000, 0x0000000086b00000, 0x0000000086b00000|100%| O|  |TAMS 0x0000000086a00000| PB 0x0000000086a00000| Untracked 
| 107|0x0000000086b00000, 0x0000000086c00000, 0x0000000086c00000|100%| O|  |TAMS 0x0000000086b00000| PB 0x0000000086b00000| Untracked 
| 108|0x0000000086c00000, 0x0000000086d00000, 0x0000000086d00000|100%| O|  |TAMS 0x0000000086c00000| PB 0x0000000086c00000| Untracked 
| 109|0x0000000086d00000, 0x0000000086e00000, 0x0000000086e00000|100%| O|  |TAMS 0x0000000086d00000| PB 0x0000000086d00000| Untracked 
| 110|0x0000000086e00000, 0x0000000086f00000, 0x0000000086f00000|100%| O|  |TAMS 0x0000000086e00000| PB 0x0000000086e00000| Untracked 
| 111|0x0000000086f00000, 0x0000000087000000, 0x0000000087000000|100%| O|  |TAMS 0x0000000086f00000| PB 0x0000000086f00000| Untracked 
| 112|0x0000000087000000, 0x0000000087100000, 0x0000000087100000|100%| O|  |TAMS 0x0000000087000000| PB 0x0000000087000000| Untracked 
| 113|0x0000000087100000, 0x0000000087200000, 0x0000000087200000|100%| O|  |TAMS 0x0000000087100000| PB 0x0000000087100000| Untracked 
| 114|0x0000000087200000, 0x0000000087300000, 0x0000000087300000|100%| O|  |TAMS 0x0000000087200000| PB 0x0000000087200000| Untracked 
| 115|0x0000000087300000, 0x0000000087400000, 0x0000000087400000|100%| O|  |TAMS 0x0000000087300000| PB 0x0000000087300000| Untracked 
| 116|0x0000000087400000, 0x0000000087500000, 0x0000000087500000|100%| O|  |TAMS 0x0000000087400000| PB 0x0000000087400000| Untracked 
| 117|0x0000000087500000, 0x0000000087600000, 0x0000000087600000|100%| O|  |TAMS 0x0000000087500000| PB 0x0000000087500000| Untracked 
| 118|0x0000000087600000, 0x0000000087700000, 0x0000000087700000|100%| O|CS|TAMS 0x0000000087600000| PB 0x0000000087600000| Complete 
| 119|0x0000000087700000, 0x0000000087800000, 0x0000000087800000|100%| O|  |TAMS 0x0000000087700000| PB 0x0000000087700000| Untracked 
| 120|0x0000000087800000, 0x0000000087900000, 0x0000000087900000|100%| O|  |TAMS 0x0000000087800000| PB 0x0000000087800000| Untracked 
| 121|0x0000000087900000, 0x0000000087a00000, 0x0000000087a00000|100%| O|  |TAMS 0x0000000087900000| PB 0x0000000087900000| Untracked 
| 122|0x0000000087a00000, 0x0000000087b00000, 0x0000000087b00000|100%| O|  |TAMS 0x0000000087a00000| PB 0x0000000087a00000| Untracked 
| 123|0x0000000087b00000, 0x0000000087c00000, 0x0000000087c00000|100%| O|  |TAMS 0x0000000087b00000| PB 0x0000000087b00000| Untracked 
| 124|0x0000000087c00000, 0x0000000087d00000, 0x0000000087d00000|100%| O|  |TAMS 0x0000000087c00000| PB 0x0000000087c00000| Untracked 
| 125|0x0000000087d00000, 0x0000000087e00000, 0x0000000087e00000|100%| O|  |TAMS 0x0000000087d00000| PB 0x0000000087d00000| Untracked 
| 126|0x0000000087e00000, 0x0000000087f00000, 0x0000000087f00000|100%| O|  |TAMS 0x0000000087e00000| PB 0x0000000087e00000| Untracked 
| 127|0x0000000087f00000, 0x0000000088000000, 0x0000000088000000|100%| O|  |TAMS 0x0000000087f00000| PB 0x0000000087f00000| Untracked 
| 128|0x0000000088000000, 0x0000000088100000, 0x0000000088100000|100%| O|  |TAMS 0x0000000088000000| PB 0x0000000088000000| Untracked 
| 129|0x0000000088100000, 0x0000000088200000, 0x0000000088200000|100%| O|  |TAMS 0x0000000088100000| PB 0x0000000088100000| Untracked 
| 130|0x0000000088200000, 0x0000000088300000, 0x0000000088300000|100%| O|CS|TAMS 0x0000000088200000| PB 0x0000000088200000| Complete 
| 131|0x0000000088300000, 0x0000000088400000, 0x0000000088400000|100%| O|  |TAMS 0x0000000088300000| PB 0x0000000088300000| Untracked 
| 132|0x0000000088400000, 0x0000000088500000, 0x0000000088500000|100%| O|  |TAMS 0x0000000088400000| PB 0x0000000088400000| Untracked 
| 133|0x0000000088500000, 0x0000000088600000, 0x0000000088600000|100%| O|  |TAMS 0x0000000088500000| PB 0x0000000088500000| Untracked 
| 134|0x0000000088600000, 0x0000000088700000, 0x0000000088700000|100%|HS|  |TAMS 0x0000000088600000| PB 0x0000000088600000| Complete 
| 135|0x0000000088700000, 0x0000000088800000, 0x0000000088800000|100%|HC|  |TAMS 0x0000000088700000| PB 0x0000000088700000| Complete 
| 136|0x0000000088800000, 0x0000000088900000, 0x0000000088900000|100%|HC|  |TAMS 0x0000000088800000| PB 0x0000000088800000| Complete 
| 137|0x0000000088900000, 0x0000000088a00000, 0x0000000088a00000|100%|HC|  |TAMS 0x0000000088900000| PB 0x0000000088900000| Complete 
| 138|0x0000000088a00000, 0x0000000088b00000, 0x0000000088b00000|100%|HC|  |TAMS 0x0000000088a00000| PB 0x0000000088a00000| Complete 
| 139|0x0000000088b00000, 0x0000000088c00000, 0x0000000088c00000|100%| O|  |TAMS 0x0000000088b00000| PB 0x0000000088b00000| Untracked 
| 140|0x0000000088c00000, 0x0000000088d00000, 0x0000000088d00000|100%| O|  |TAMS 0x0000000088c00000| PB 0x0000000088c00000| Untracked 
| 141|0x0000000088d00000, 0x0000000088e00000, 0x0000000088e00000|100%| O|  |TAMS 0x0000000088d00000| PB 0x0000000088d00000| Untracked 
| 142|0x0000000088e00000, 0x0000000088f00000, 0x0000000088f00000|100%|HS|  |TAMS 0x0000000088e00000| PB 0x0000000088e00000| Complete 
| 143|0x0000000088f00000, 0x0000000089000000, 0x0000000089000000|100%|HC|  |TAMS 0x0000000088f00000| PB 0x0000000088f00000| Complete 
| 144|0x0000000089000000, 0x0000000089100000, 0x0000000089100000|100%| O|CS|TAMS 0x0000000089000000| PB 0x0000000089000000| Complete 
| 145|0x0000000089100000, 0x0000000089200000, 0x0000000089200000|100%|HS|  |TAMS 0x0000000089100000| PB 0x0000000089100000| Complete 
| 146|0x0000000089200000, 0x0000000089300000, 0x0000000089300000|100%|HC|  |TAMS 0x0000000089200000| PB 0x0000000089200000| Complete 
| 147|0x0000000089300000, 0x0000000089400000, 0x0000000089400000|100%| O|CS|TAMS 0x0000000089300000| PB 0x0000000089300000| Complete 
| 148|0x0000000089400000, 0x0000000089500000, 0x0000000089500000|100%| O|  |TAMS 0x0000000089400000| PB 0x0000000089400000| Untracked 
| 149|0x0000000089500000, 0x0000000089600000, 0x0000000089600000|100%| O|  |TAMS 0x0000000089500000| PB 0x0000000089500000| Untracked 
| 150|0x0000000089600000, 0x0000000089700000, 0x0000000089700000|100%| O|  |TAMS 0x0000000089600000| PB 0x0000000089600000| Untracked 
| 151|0x0000000089700000, 0x0000000089800000, 0x0000000089800000|100%| O|  |TAMS 0x0000000089700000| PB 0x0000000089700000| Untracked 
| 152|0x0000000089800000, 0x0000000089900000, 0x0000000089900000|100%| O|  |TAMS 0x0000000089800000| PB 0x0000000089800000| Untracked 
| 153|0x0000000089900000, 0x0000000089a00000, 0x0000000089a00000|100%| O|  |TAMS 0x0000000089900000| PB 0x0000000089900000| Untracked 
| 154|0x0000000089a00000, 0x0000000089b00000, 0x0000000089b00000|100%| O|CS|TAMS 0x0000000089a00000| PB 0x0000000089a00000| Complete 
| 155|0x0000000089b00000, 0x0000000089c00000, 0x0000000089c00000|100%| O|  |TAMS 0x0000000089b00000| PB 0x0000000089b00000| Untracked 
| 156|0x0000000089c00000, 0x0000000089d00000, 0x0000000089d00000|100%|HS|  |TAMS 0x0000000089c00000| PB 0x0000000089c00000| Complete 
| 157|0x0000000089d00000, 0x0000000089e00000, 0x0000000089e00000|100%|HC|  |TAMS 0x0000000089d00000| PB 0x0000000089d00000| Complete 
| 158|0x0000000089e00000, 0x0000000089f00000, 0x0000000089f00000|100%|HS|  |TAMS 0x0000000089e00000| PB 0x0000000089e00000| Complete 
| 159|0x0000000089f00000, 0x000000008a000000, 0x000000008a000000|100%|HS|  |TAMS 0x0000000089f00000| PB 0x0000000089f00000| Complete 
| 160|0x000000008a000000, 0x000000008a100000, 0x000000008a100000|100%| O|  |TAMS 0x000000008a000000| PB 0x000000008a000000| Untracked 
| 161|0x000000008a100000, 0x000000008a200000, 0x000000008a200000|100%| O|  |TAMS 0x000000008a100000| PB 0x000000008a100000| Untracked 
| 162|0x000000008a200000, 0x000000008a300000, 0x000000008a300000|100%| O|  |TAMS 0x000000008a200000| PB 0x000000008a200000| Untracked 
| 163|0x000000008a300000, 0x000000008a400000, 0x000000008a400000|100%| O|  |TAMS 0x000000008a300000| PB 0x000000008a300000| Untracked 
| 164|0x000000008a400000, 0x000000008a500000, 0x000000008a500000|100%| O|  |TAMS 0x000000008a400000| PB 0x000000008a400000| Untracked 
| 165|0x000000008a500000, 0x000000008a600000, 0x000000008a600000|100%| O|CS|TAMS 0x000000008a500000| PB 0x000000008a500000| Complete 
| 166|0x000000008a600000, 0x000000008a700000, 0x000000008a700000|100%| O|  |TAMS 0x000000008a600000| PB 0x000000008a600000| Untracked 
| 167|0x000000008a700000, 0x000000008a800000, 0x000000008a800000|100%|HS|  |TAMS 0x000000008a700000| PB 0x000000008a700000| Complete 
| 168|0x000000008a800000, 0x000000008a900000, 0x000000008a900000|100%|HC|  |TAMS 0x000000008a800000| PB 0x000000008a800000| Complete 
| 169|0x000000008a900000, 0x000000008aa00000, 0x000000008aa00000|100%|HS|  |TAMS 0x000000008a900000| PB 0x000000008a900000| Complete 
| 170|0x000000008aa00000, 0x000000008ab00000, 0x000000008ab00000|100%|HC|  |TAMS 0x000000008aa00000| PB 0x000000008aa00000| Complete 
| 171|0x000000008ab00000, 0x000000008ac00000, 0x000000008ac00000|100%|HS|  |TAMS 0x000000008ab00000| PB 0x000000008ab00000| Complete 
| 172|0x000000008ac00000, 0x000000008ad00000, 0x000000008ad00000|100%|HS|  |TAMS 0x000000008ac00000| PB 0x000000008ac00000| Complete 
| 173|0x000000008ad00000, 0x000000008ae00000, 0x000000008ae00000|100%|HC|  |TAMS 0x000000008ad00000| PB 0x000000008ad00000| Complete 
| 174|0x000000008ae00000, 0x000000008af00000, 0x000000008af00000|100%|HS|  |TAMS 0x000000008ae00000| PB 0x000000008ae00000| Complete 
| 175|0x000000008af00000, 0x000000008b000000, 0x000000008b000000|100%|HS|  |TAMS 0x000000008af00000| PB 0x000000008af00000| Complete 
| 176|0x000000008b000000, 0x000000008b100000, 0x000000008b100000|100%|HC|  |TAMS 0x000000008b000000| PB 0x000000008b000000| Complete 
| 177|0x000000008b100000, 0x000000008b200000, 0x000000008b200000|100%|HC|  |TAMS 0x000000008b100000| PB 0x000000008b100000| Complete 
| 178|0x000000008b200000, 0x000000008b300000, 0x000000008b300000|100%|HS|  |TAMS 0x000000008b200000| PB 0x000000008b200000| Complete 
| 179|0x000000008b300000, 0x000000008b400000, 0x000000008b400000|100%|HC|  |TAMS 0x000000008b300000| PB 0x000000008b300000| Complete 
| 180|0x000000008b400000, 0x000000008b500000, 0x000000008b500000|100%|HC|  |TAMS 0x000000008b400000| PB 0x000000008b400000| Complete 
| 181|0x000000008b500000, 0x000000008b600000, 0x000000008b600000|100%|HS|  |TAMS 0x000000008b500000| PB 0x000000008b500000| Complete 
| 182|0x000000008b600000, 0x000000008b700000, 0x000000008b700000|100%|HS|  |TAMS 0x000000008b600000| PB 0x000000008b600000| Complete 
| 183|0x000000008b700000, 0x000000008b800000, 0x000000008b800000|100%| O|  |TAMS 0x000000008b700000| PB 0x000000008b700000| Untracked 
| 184|0x000000008b800000, 0x000000008b900000, 0x000000008b900000|100%|HS|  |TAMS 0x000000008b800000| PB 0x000000008b800000| Complete 
| 185|0x000000008b900000, 0x000000008ba00000, 0x000000008ba00000|100%|HC|  |TAMS 0x000000008b900000| PB 0x000000008b900000| Complete 
| 186|0x000000008ba00000, 0x000000008bb00000, 0x000000008bb00000|100%| O|  |TAMS 0x000000008ba00000| PB 0x000000008ba00000| Untracked 
| 187|0x000000008bb00000, 0x000000008bc00000, 0x000000008bc00000|100%|HS|  |TAMS 0x000000008bb00000| PB 0x000000008bb00000| Complete 
| 188|0x000000008bc00000, 0x000000008bd00000, 0x000000008bd00000|100%| O|  |TAMS 0x000000008bc00000| PB 0x000000008bc00000| Untracked 
| 189|0x000000008bd00000, 0x000000008be00000, 0x000000008be00000|100%|HS|  |TAMS 0x000000008bd00000| PB 0x000000008bd00000| Complete 
| 190|0x000000008be00000, 0x000000008bf00000, 0x000000008bf00000|100%| O|  |TAMS 0x000000008be00000| PB 0x000000008be00000| Untracked 
| 191|0x000000008bf00000, 0x000000008c000000, 0x000000008c000000|100%| O|  |TAMS 0x000000008bf00000| PB 0x000000008bf00000| Untracked 
| 192|0x000000008c000000, 0x000000008c100000, 0x000000008c100000|100%| O|  |TAMS 0x000000008c000000| PB 0x000000008c000000| Untracked 
| 193|0x000000008c100000, 0x000000008c200000, 0x000000008c200000|100%|HS|  |TAMS 0x000000008c100000| PB 0x000000008c100000| Complete 
| 194|0x000000008c200000, 0x000000008c300000, 0x000000008c300000|100%|HC|  |TAMS 0x000000008c200000| PB 0x000000008c200000| Complete 
| 195|0x000000008c300000, 0x000000008c400000, 0x000000008c400000|100%| O|  |TAMS 0x000000008c300000| PB 0x000000008c300000| Untracked 
| 196|0x000000008c400000, 0x000000008c500000, 0x000000008c500000|100%| O|  |TAMS 0x000000008c400000| PB 0x000000008c400000| Untracked 
| 197|0x000000008c500000, 0x000000008c600000, 0x000000008c600000|100%| O|  |TAMS 0x000000008c500000| PB 0x000000008c500000| Untracked 
| 198|0x000000008c600000, 0x000000008c700000, 0x000000008c700000|100%|HS|  |TAMS 0x000000008c600000| PB 0x000000008c600000| Complete 
| 199|0x000000008c700000, 0x000000008c800000, 0x000000008c800000|100%|HC|  |TAMS 0x000000008c700000| PB 0x000000008c700000| Complete 
| 200|0x000000008c800000, 0x000000008c900000, 0x000000008c900000|100%| O|  |TAMS 0x000000008c800000| PB 0x000000008c800000| Untracked 
| 201|0x000000008c900000, 0x000000008ca00000, 0x000000008ca00000|100%| O|  |TAMS 0x000000008c900000| PB 0x000000008c900000| Untracked 
| 202|0x000000008ca00000, 0x000000008cb00000, 0x000000008cb00000|100%| O|  |TAMS 0x000000008ca00000| PB 0x000000008ca00000| Untracked 
| 203|0x000000008cb00000, 0x000000008cc00000, 0x000000008cc00000|100%|HS|  |TAMS 0x000000008cb00000| PB 0x000000008cb00000| Complete 
| 204|0x000000008cc00000, 0x000000008cd00000, 0x000000008cd00000|100%|HC|  |TAMS 0x000000008cc00000| PB 0x000000008cc00000| Complete 
| 205|0x000000008cd00000, 0x000000008ce00000, 0x000000008ce00000|100%| O|  |TAMS 0x000000008cd00000| PB 0x000000008cd00000| Untracked 
| 206|0x000000008ce00000, 0x000000008cf00000, 0x000000008cf00000|100%|HS|  |TAMS 0x000000008ce00000| PB 0x000000008ce00000| Complete 
| 207|0x000000008cf00000, 0x000000008d000000, 0x000000008d000000|100%| O|  |TAMS 0x000000008cf00000| PB 0x000000008cf00000| Untracked 
| 208|0x000000008d000000, 0x000000008d100000, 0x000000008d100000|100%| O|  |TAMS 0x000000008d000000| PB 0x000000008d000000| Untracked 
| 209|0x000000008d100000, 0x000000008d200000, 0x000000008d200000|100%| O|  |TAMS 0x000000008d100000| PB 0x000000008d100000| Untracked 
| 210|0x000000008d200000, 0x000000008d300000, 0x000000008d300000|100%|HS|  |TAMS 0x000000008d200000| PB 0x000000008d200000| Complete 
| 211|0x000000008d300000, 0x000000008d400000, 0x000000008d400000|100%|HC|  |TAMS 0x000000008d300000| PB 0x000000008d300000| Complete 
| 212|0x000000008d400000, 0x000000008d500000, 0x000000008d500000|100%| O|  |TAMS 0x000000008d400000| PB 0x000000008d400000| Untracked 
| 213|0x000000008d500000, 0x000000008d600000, 0x000000008d600000|100%|HS|  |TAMS 0x000000008d500000| PB 0x000000008d500000| Complete 
| 214|0x000000008d600000, 0x000000008d700000, 0x000000008d700000|100%| O|  |TAMS 0x000000008d600000| PB 0x000000008d600000| Untracked 
| 215|0x000000008d700000, 0x000000008d800000, 0x000000008d800000|100%| O|  |TAMS 0x000000008d700000| PB 0x000000008d700000| Untracked 
| 216|0x000000008d800000, 0x000000008d900000, 0x000000008d900000|100%| O|  |TAMS 0x000000008d800000| PB 0x000000008d800000| Untracked 
| 217|0x000000008d900000, 0x000000008da00000, 0x000000008da00000|100%| O|  |TAMS 0x000000008d900000| PB 0x000000008d900000| Untracked 
| 218|0x000000008da00000, 0x000000008db00000, 0x000000008db00000|100%| O|  |TAMS 0x000000008da00000| PB 0x000000008da00000| Untracked 
| 219|0x000000008db00000, 0x000000008dc00000, 0x000000008dc00000|100%| O|  |TAMS 0x000000008db00000| PB 0x000000008db00000| Untracked 
| 220|0x000000008dc00000, 0x000000008dd00000, 0x000000008dd00000|100%|HS|  |TAMS 0x000000008dc00000| PB 0x000000008dc00000| Complete 
| 221|0x000000008dd00000, 0x000000008de00000, 0x000000008de00000|100%|HC|  |TAMS 0x000000008dd00000| PB 0x000000008dd00000| Complete 
| 222|0x000000008de00000, 0x000000008df00000, 0x000000008df00000|100%|HC|  |TAMS 0x000000008de00000| PB 0x000000008de00000| Complete 
| 223|0x000000008df00000, 0x000000008e000000, 0x000000008e000000|100%| O|  |TAMS 0x000000008df00000| PB 0x000000008df00000| Untracked 
| 224|0x000000008e000000, 0x000000008e100000, 0x000000008e100000|100%| O|  |TAMS 0x000000008e000000| PB 0x000000008e000000| Untracked 
| 225|0x000000008e100000, 0x000000008e200000, 0x000000008e200000|100%| O|  |TAMS 0x000000008e100000| PB 0x000000008e100000| Untracked 
| 226|0x000000008e200000, 0x000000008e300000, 0x000000008e300000|100%| O|  |TAMS 0x000000008e200000| PB 0x000000008e200000| Untracked 
| 227|0x000000008e300000, 0x000000008e400000, 0x000000008e400000|100%| O|  |TAMS 0x000000008e300000| PB 0x000000008e300000| Untracked 
| 228|0x000000008e400000, 0x000000008e500000, 0x000000008e500000|100%| O|  |TAMS 0x000000008e400000| PB 0x000000008e400000| Untracked 
| 229|0x000000008e500000, 0x000000008e600000, 0x000000008e600000|100%|HS|  |TAMS 0x000000008e500000| PB 0x000000008e500000| Complete 
| 230|0x000000008e600000, 0x000000008e700000, 0x000000008e700000|100%|HC|  |TAMS 0x000000008e600000| PB 0x000000008e600000| Complete 
| 231|0x000000008e700000, 0x000000008e800000, 0x000000008e800000|100%|HC|  |TAMS 0x000000008e700000| PB 0x000000008e700000| Complete 
| 232|0x000000008e800000, 0x000000008e900000, 0x000000008e900000|100%| O|  |TAMS 0x000000008e800000| PB 0x000000008e800000| Untracked 
| 233|0x000000008e900000, 0x000000008ea00000, 0x000000008ea00000|100%| O|  |TAMS 0x000000008e900000| PB 0x000000008e900000| Untracked 
| 234|0x000000008ea00000, 0x000000008eb00000, 0x000000008eb00000|100%| O|  |TAMS 0x000000008ea00000| PB 0x000000008ea00000| Untracked 
| 235|0x000000008eb00000, 0x000000008ec00000, 0x000000008ec00000|100%|HS|  |TAMS 0x000000008eb00000| PB 0x000000008eb00000| Complete 
| 236|0x000000008ec00000, 0x000000008ed00000, 0x000000008ed00000|100%|HC|  |TAMS 0x000000008ec00000| PB 0x000000008ec00000| Complete 
| 237|0x000000008ed00000, 0x000000008ee00000, 0x000000008ee00000|100%|HC|  |TAMS 0x000000008ed00000| PB 0x000000008ed00000| Complete 
| 238|0x000000008ee00000, 0x000000008ef00000, 0x000000008ef00000|100%|HC|  |TAMS 0x000000008ee00000| PB 0x000000008ee00000| Complete 
| 239|0x000000008ef00000, 0x000000008f000000, 0x000000008f000000|100%|HC|  |TAMS 0x000000008ef00000| PB 0x000000008ef00000| Complete 
| 240|0x000000008f000000, 0x000000008f100000, 0x000000008f100000|100%|HC|  |TAMS 0x000000008f000000| PB 0x000000008f000000| Complete 
| 241|0x000000008f100000, 0x000000008f200000, 0x000000008f200000|100%|HC|  |TAMS 0x000000008f100000| PB 0x000000008f100000| Complete 
| 242|0x000000008f200000, 0x000000008f300000, 0x000000008f300000|100%| O|  |TAMS 0x000000008f200000| PB 0x000000008f200000| Untracked 
| 243|0x000000008f300000, 0x000000008f400000, 0x000000008f400000|100%| O|  |TAMS 0x000000008f300000| PB 0x000000008f300000| Untracked 
| 244|0x000000008f400000, 0x000000008f500000, 0x000000008f500000|100%|HS|  |TAMS 0x000000008f400000| PB 0x000000008f400000| Complete 
| 245|0x000000008f500000, 0x000000008f600000, 0x000000008f600000|100%|HC|  |TAMS 0x000000008f500000| PB 0x000000008f500000| Complete 
| 246|0x000000008f600000, 0x000000008f700000, 0x000000008f700000|100%|HS|  |TAMS 0x000000008f600000| PB 0x000000008f600000| Complete 
| 247|0x000000008f700000, 0x000000008f800000, 0x000000008f800000|100%|HC|  |TAMS 0x000000008f700000| PB 0x000000008f700000| Complete 
| 248|0x000000008f800000, 0x000000008f900000, 0x000000008f900000|100%| O|  |TAMS 0x000000008f800000| PB 0x000000008f800000| Untracked 
| 249|0x000000008f900000, 0x000000008fa00000, 0x000000008fa00000|100%| O|  |TAMS 0x000000008f900000| PB 0x000000008f900000| Untracked 
| 250|0x000000008fa00000, 0x000000008fb00000, 0x000000008fb00000|100%| O|  |TAMS 0x000000008fa00000| PB 0x000000008fa00000| Untracked 
| 251|0x000000008fb00000, 0x000000008fc00000, 0x000000008fc00000|100%| O|  |TAMS 0x000000008fb00000| PB 0x000000008fb00000| Untracked 
| 252|0x000000008fc00000, 0x000000008fd00000, 0x000000008fd00000|100%| O|  |TAMS 0x000000008fc00000| PB 0x000000008fc00000| Untracked 
| 253|0x000000008fd00000, 0x000000008fe00000, 0x000000008fe00000|100%| O|  |TAMS 0x000000008fd00000| PB 0x000000008fd00000| Untracked 
| 254|0x000000008fe00000, 0x000000008ff00000, 0x000000008ff00000|100%| O|  |TAMS 0x000000008fe00000| PB 0x000000008fe00000| Untracked 
| 255|0x000000008ff00000, 0x0000000090000000, 0x0000000090000000|100%| O|  |TAMS 0x000000008ff00000| PB 0x000000008ff00000| Untracked 
| 256|0x0000000090000000, 0x0000000090100000, 0x0000000090100000|100%| O|  |TAMS 0x0000000090000000| PB 0x0000000090000000| Untracked 
| 257|0x0000000090100000, 0x0000000090200000, 0x0000000090200000|100%| O|  |TAMS 0x0000000090100000| PB 0x0000000090100000| Untracked 
| 258|0x0000000090200000, 0x0000000090300000, 0x0000000090300000|100%| O|  |TAMS 0x0000000090200000| PB 0x0000000090200000| Untracked 
| 259|0x0000000090300000, 0x0000000090400000, 0x0000000090400000|100%| O|  |TAMS 0x0000000090300000| PB 0x0000000090300000| Untracked 
| 260|0x0000000090400000, 0x0000000090500000, 0x0000000090500000|100%| O|  |TAMS 0x0000000090400000| PB 0x0000000090400000| Untracked 
| 261|0x0000000090500000, 0x0000000090600000, 0x0000000090600000|100%| O|  |TAMS 0x0000000090500000| PB 0x0000000090500000| Untracked 
| 262|0x0000000090600000, 0x0000000090700000, 0x0000000090700000|100%| O|  |TAMS 0x0000000090600000| PB 0x0000000090600000| Untracked 
| 263|0x0000000090700000, 0x0000000090800000, 0x0000000090800000|100%| O|  |TAMS 0x0000000090700000| PB 0x0000000090700000| Untracked 
| 264|0x0000000090800000, 0x0000000090900000, 0x0000000090900000|100%| O|  |TAMS 0x0000000090800000| PB 0x0000000090800000| Untracked 
| 265|0x0000000090900000, 0x0000000090a00000, 0x0000000090a00000|100%| O|  |TAMS 0x0000000090900000| PB 0x0000000090900000| Untracked 
| 266|0x0000000090a00000, 0x0000000090b00000, 0x0000000090b00000|100%| O|  |TAMS 0x0000000090a00000| PB 0x0000000090a00000| Untracked 
| 267|0x0000000090b00000, 0x0000000090c00000, 0x0000000090c00000|100%| O|  |TAMS 0x0000000090b00000| PB 0x0000000090b00000| Untracked 
| 268|0x0000000090c00000, 0x0000000090d00000, 0x0000000090d00000|100%| O|  |TAMS 0x0000000090c00000| PB 0x0000000090c00000| Untracked 
| 269|0x0000000090d00000, 0x0000000090e00000, 0x0000000090e00000|100%| O|  |TAMS 0x0000000090d00000| PB 0x0000000090d00000| Untracked 
| 270|0x0000000090e00000, 0x0000000090f00000, 0x0000000090f00000|100%| O|  |TAMS 0x0000000090e00000| PB 0x0000000090e00000| Untracked 
| 271|0x0000000090f00000, 0x0000000091000000, 0x0000000091000000|100%| O|  |TAMS 0x0000000090f00000| PB 0x0000000090f00000| Untracked 
| 272|0x0000000091000000, 0x0000000091100000, 0x0000000091100000|100%| O|  |TAMS 0x0000000091000000| PB 0x0000000091000000| Untracked 
| 273|0x0000000091100000, 0x0000000091200000, 0x0000000091200000|100%| O|  |TAMS 0x0000000091100000| PB 0x0000000091100000| Untracked 
| 274|0x0000000091200000, 0x0000000091300000, 0x0000000091300000|100%| O|  |TAMS 0x0000000091200000| PB 0x0000000091200000| Untracked 
| 275|0x0000000091300000, 0x0000000091400000, 0x0000000091400000|100%| O|  |TAMS 0x0000000091300000| PB 0x0000000091300000| Untracked 
| 276|0x0000000091400000, 0x0000000091500000, 0x0000000091500000|100%| O|  |TAMS 0x0000000091400000| PB 0x0000000091400000| Untracked 
| 277|0x0000000091500000, 0x0000000091600000, 0x0000000091600000|100%| O|  |TAMS 0x0000000091500000| PB 0x0000000091500000| Untracked 
| 278|0x0000000091600000, 0x0000000091700000, 0x0000000091700000|100%| O|  |TAMS 0x0000000091600000| PB 0x0000000091600000| Untracked 
| 279|0x0000000091700000, 0x0000000091800000, 0x0000000091800000|100%| O|  |TAMS 0x0000000091700000| PB 0x0000000091700000| Untracked 
| 280|0x0000000091800000, 0x0000000091900000, 0x0000000091900000|100%| O|  |TAMS 0x0000000091800000| PB 0x0000000091800000| Untracked 
| 281|0x0000000091900000, 0x0000000091a00000, 0x0000000091a00000|100%| O|  |TAMS 0x0000000091900000| PB 0x0000000091900000| Untracked 
| 282|0x0000000091a00000, 0x0000000091b00000, 0x0000000091b00000|100%| O|  |TAMS 0x0000000091a00000| PB 0x0000000091a00000| Untracked 
| 283|0x0000000091b00000, 0x0000000091c00000, 0x0000000091c00000|100%| O|  |TAMS 0x0000000091b00000| PB 0x0000000091b00000| Untracked 
| 284|0x0000000091c00000, 0x0000000091d00000, 0x0000000091d00000|100%| O|  |TAMS 0x0000000091c00000| PB 0x0000000091c00000| Untracked 
| 285|0x0000000091d00000, 0x0000000091e00000, 0x0000000091e00000|100%| O|  |TAMS 0x0000000091d00000| PB 0x0000000091d00000| Untracked 
| 286|0x0000000091e00000, 0x0000000091f00000, 0x0000000091f00000|100%| O|  |TAMS 0x0000000091e00000| PB 0x0000000091e00000| Untracked 
| 287|0x0000000091f00000, 0x0000000092000000, 0x0000000092000000|100%| O|  |TAMS 0x0000000091f00000| PB 0x0000000091f00000| Untracked 
| 288|0x0000000092000000, 0x0000000092100000, 0x0000000092100000|100%| O|  |TAMS 0x0000000092000000| PB 0x0000000092000000| Untracked 
| 289|0x0000000092100000, 0x0000000092200000, 0x0000000092200000|100%| O|  |TAMS 0x0000000092100000| PB 0x0000000092100000| Untracked 
| 290|0x0000000092200000, 0x0000000092300000, 0x0000000092300000|100%| O|  |TAMS 0x0000000092200000| PB 0x0000000092200000| Untracked 
| 291|0x0000000092300000, 0x000000009235bf58, 0x0000000092400000| 35%| O|  |TAMS 0x0000000092300000| PB 0x0000000092300000| Untracked 
| 292|0x0000000092400000, 0x0000000092400000, 0x0000000092500000|  0%| F|  |TAMS 0x0000000092400000| PB 0x0000000092400000| Untracked 
| 293|0x0000000092500000, 0x0000000092500000, 0x0000000092600000|  0%| F|  |TAMS 0x0000000092500000| PB 0x0000000092500000| Untracked 
| 294|0x0000000092600000, 0x0000000092600000, 0x0000000092700000|  0%| F|  |TAMS 0x0000000092600000| PB 0x0000000092600000| Untracked 
| 295|0x0000000092700000, 0x0000000092700000, 0x0000000092800000|  0%| F|  |TAMS 0x0000000092700000| PB 0x0000000092700000| Untracked 
| 296|0x0000000092800000, 0x0000000092800000, 0x0000000092900000|  0%| F|  |TAMS 0x0000000092800000| PB 0x0000000092800000| Untracked 
| 297|0x0000000092900000, 0x0000000092900000, 0x0000000092a00000|  0%| F|  |TAMS 0x0000000092900000| PB 0x0000000092900000| Untracked 
| 298|0x0000000092a00000, 0x0000000092a00000, 0x0000000092b00000|  0%| F|  |TAMS 0x0000000092a00000| PB 0x0000000092a00000| Untracked 
| 299|0x0000000092b00000, 0x0000000092b00000, 0x0000000092c00000|  0%| F|  |TAMS 0x0000000092b00000| PB 0x0000000092b00000| Untracked 
| 300|0x0000000092c00000, 0x0000000092c00000, 0x0000000092d00000|  0%| F|  |TAMS 0x0000000092c00000| PB 0x0000000092c00000| Untracked 
| 301|0x0000000092d00000, 0x0000000092d00000, 0x0000000092e00000|  0%| F|  |TAMS 0x0000000092d00000| PB 0x0000000092d00000| Untracked 
| 302|0x0000000092e00000, 0x0000000092e00000, 0x0000000092f00000|  0%| F|  |TAMS 0x0000000092e00000| PB 0x0000000092e00000| Untracked 
| 303|0x0000000092f00000, 0x0000000092f00000, 0x0000000093000000|  0%| F|  |TAMS 0x0000000092f00000| PB 0x0000000092f00000| Untracked 
| 304|0x0000000093000000, 0x0000000093000000, 0x0000000093100000|  0%| F|  |TAMS 0x0000000093000000| PB 0x0000000093000000| Untracked 
| 305|0x0000000093100000, 0x0000000093100000, 0x0000000093200000|  0%| F|  |TAMS 0x0000000093100000| PB 0x0000000093100000| Untracked 
| 306|0x0000000093200000, 0x0000000093200000, 0x0000000093300000|  0%| F|  |TAMS 0x0000000093200000| PB 0x0000000093200000| Untracked 
| 307|0x0000000093300000, 0x0000000093300000, 0x0000000093400000|  0%| F|  |TAMS 0x0000000093300000| PB 0x0000000093300000| Untracked 
| 308|0x0000000093400000, 0x0000000093400000, 0x0000000093500000|  0%| F|  |TAMS 0x0000000093400000| PB 0x0000000093400000| Untracked 
| 309|0x0000000093500000, 0x0000000093500000, 0x0000000093600000|  0%| F|  |TAMS 0x0000000093500000| PB 0x0000000093500000| Untracked 
| 310|0x0000000093600000, 0x0000000093600000, 0x0000000093700000|  0%| F|  |TAMS 0x0000000093600000| PB 0x0000000093600000| Untracked 
| 311|0x0000000093700000, 0x0000000093700000, 0x0000000093800000|  0%| F|  |TAMS 0x0000000093700000| PB 0x0000000093700000| Untracked 
| 312|0x0000000093800000, 0x0000000093800000, 0x0000000093900000|  0%| F|  |TAMS 0x0000000093800000| PB 0x0000000093800000| Untracked 
| 313|0x0000000093900000, 0x0000000093900000, 0x0000000093a00000|  0%| F|  |TAMS 0x0000000093900000| PB 0x0000000093900000| Untracked 
| 314|0x0000000093a00000, 0x0000000093a00000, 0x0000000093b00000|  0%| F|  |TAMS 0x0000000093a00000| PB 0x0000000093a00000| Untracked 
| 315|0x0000000093b00000, 0x0000000093b00000, 0x0000000093c00000|  0%| F|  |TAMS 0x0000000093b00000| PB 0x0000000093b00000| Untracked 
| 316|0x0000000093c00000, 0x0000000093c00000, 0x0000000093d00000|  0%| F|  |TAMS 0x0000000093c00000| PB 0x0000000093c00000| Untracked 
| 317|0x0000000093d00000, 0x0000000093d00000, 0x0000000093e00000|  0%| F|  |TAMS 0x0000000093d00000| PB 0x0000000093d00000| Untracked 
| 318|0x0000000093e00000, 0x0000000093e00000, 0x0000000093f00000|  0%| F|  |TAMS 0x0000000093e00000| PB 0x0000000093e00000| Untracked 
| 319|0x0000000093f00000, 0x0000000093f00000, 0x0000000094000000|  0%| F|  |TAMS 0x0000000093f00000| PB 0x0000000093f00000| Untracked 
| 320|0x0000000094000000, 0x0000000094100000, 0x0000000094100000|100%| S|  |TAMS 0x0000000094000000| PB 0x0000000094000000| Complete 
| 321|0x0000000094100000, 0x0000000094200000, 0x0000000094200000|100%| S|  |TAMS 0x0000000094100000| PB 0x0000000094100000| Complete 
| 322|0x0000000094200000, 0x0000000094300000, 0x0000000094300000|100%| S|  |TAMS 0x0000000094200000| PB 0x0000000094200000| Complete 
| 323|0x0000000094300000, 0x0000000094400000, 0x0000000094400000|100%| S|  |TAMS 0x0000000094300000| PB 0x0000000094300000| Complete 
| 324|0x0000000094400000, 0x0000000094500000, 0x0000000094500000|100%| S|  |TAMS 0x0000000094400000| PB 0x0000000094400000| Complete 
| 325|0x0000000094500000, 0x0000000094600000, 0x0000000094600000|100%| S|  |TAMS 0x0000000094500000| PB 0x0000000094500000| Complete 
| 326|0x0000000094600000, 0x0000000094700000, 0x0000000094700000|100%| S|  |TAMS 0x0000000094600000| PB 0x0000000094600000| Complete 
| 327|0x0000000094700000, 0x0000000094800000, 0x0000000094800000|100%| S|  |TAMS 0x0000000094700000| PB 0x0000000094700000| Complete 
| 328|0x0000000094800000, 0x0000000094900000, 0x0000000094900000|100%| S|  |TAMS 0x0000000094800000| PB 0x0000000094800000| Complete 
| 329|0x0000000094900000, 0x0000000094a00000, 0x0000000094a00000|100%| S|  |TAMS 0x0000000094900000| PB 0x0000000094900000| Complete 
| 330|0x0000000094a00000, 0x0000000094b00000, 0x0000000094b00000|100%| S|  |TAMS 0x0000000094a00000| PB 0x0000000094a00000| Complete 
| 331|0x0000000094b00000, 0x0000000094c00000, 0x0000000094c00000|100%| S|  |TAMS 0x0000000094b00000| PB 0x0000000094b00000| Complete 
| 332|0x0000000094c00000, 0x0000000094d00000, 0x0000000094d00000|100%| S|  |TAMS 0x0000000094c00000| PB 0x0000000094c00000| Complete 
| 333|0x0000000094d00000, 0x0000000094e00000, 0x0000000094e00000|100%| S|  |TAMS 0x0000000094d00000| PB 0x0000000094d00000| Complete 
| 334|0x0000000094e00000, 0x0000000094f00000, 0x0000000094f00000|100%| E|CS|TAMS 0x0000000094e00000| PB 0x0000000094e00000| Complete 
| 335|0x0000000094f00000, 0x0000000095000000, 0x0000000095000000|100%| E|CS|TAMS 0x0000000094f00000| PB 0x0000000094f00000| Complete 
| 336|0x0000000095000000, 0x0000000095100000, 0x0000000095100000|100%| E|CS|TAMS 0x0000000095000000| PB 0x0000000095000000| Complete 
| 337|0x0000000095100000, 0x0000000095200000, 0x0000000095200000|100%| E|CS|TAMS 0x0000000095100000| PB 0x0000000095100000| Complete 
| 338|0x0000000095200000, 0x0000000095300000, 0x0000000095300000|100%| E|CS|TAMS 0x0000000095200000| PB 0x0000000095200000| Complete 
| 339|0x0000000095300000, 0x0000000095400000, 0x0000000095400000|100%| E|CS|TAMS 0x0000000095300000| PB 0x0000000095300000| Complete 
| 340|0x0000000095400000, 0x0000000095500000, 0x0000000095500000|100%| E|CS|TAMS 0x0000000095400000| PB 0x0000000095400000| Complete 
| 341|0x0000000095500000, 0x0000000095600000, 0x0000000095600000|100%| E|CS|TAMS 0x0000000095500000| PB 0x0000000095500000| Complete 
| 342|0x0000000095600000, 0x0000000095700000, 0x0000000095700000|100%| E|CS|TAMS 0x0000000095600000| PB 0x0000000095600000| Complete 
| 343|0x0000000095700000, 0x0000000095800000, 0x0000000095800000|100%| E|CS|TAMS 0x0000000095700000| PB 0x0000000095700000| Complete 
| 344|0x0000000095800000, 0x0000000095900000, 0x0000000095900000|100%| E|CS|TAMS 0x0000000095800000| PB 0x0000000095800000| Complete 
| 345|0x0000000095900000, 0x0000000095a00000, 0x0000000095a00000|100%| E|CS|TAMS 0x0000000095900000| PB 0x0000000095900000| Complete 
| 346|0x0000000095a00000, 0x0000000095b00000, 0x0000000095b00000|100%| E|CS|TAMS 0x0000000095a00000| PB 0x0000000095a00000| Complete 
| 347|0x0000000095b00000, 0x0000000095c00000, 0x0000000095c00000|100%| E|CS|TAMS 0x0000000095b00000| PB 0x0000000095b00000| Complete 
| 348|0x0000000095c00000, 0x0000000095d00000, 0x0000000095d00000|100%| E|CS|TAMS 0x0000000095c00000| PB 0x0000000095c00000| Complete 
| 349|0x0000000095d00000, 0x0000000095e00000, 0x0000000095e00000|100%| E|CS|TAMS 0x0000000095d00000| PB 0x0000000095d00000| Complete 
| 350|0x0000000095e00000, 0x0000000095f00000, 0x0000000095f00000|100%| E|CS|TAMS 0x0000000095e00000| PB 0x0000000095e00000| Complete 
| 351|0x0000000095f00000, 0x0000000096000000, 0x0000000096000000|100%| E|CS|TAMS 0x0000000095f00000| PB 0x0000000095f00000| Complete 
| 352|0x0000000096000000, 0x0000000096100000, 0x0000000096100000|100%| E|CS|TAMS 0x0000000096000000| PB 0x0000000096000000| Complete 
| 353|0x0000000096100000, 0x0000000096200000, 0x0000000096200000|100%| E|CS|TAMS 0x0000000096100000| PB 0x0000000096100000| Complete 
| 354|0x0000000096200000, 0x0000000096300000, 0x0000000096300000|100%| E|CS|TAMS 0x0000000096200000| PB 0x0000000096200000| Complete 
| 355|0x0000000096300000, 0x0000000096400000, 0x0000000096400000|100%| E|CS|TAMS 0x0000000096300000| PB 0x0000000096300000| Complete 
| 356|0x0000000096400000, 0x0000000096500000, 0x0000000096500000|100%| E|CS|TAMS 0x0000000096400000| PB 0x0000000096400000| Complete 
| 357|0x0000000096500000, 0x0000000096600000, 0x0000000096600000|100%| E|CS|TAMS 0x0000000096500000| PB 0x0000000096500000| Complete 
| 358|0x0000000096600000, 0x0000000096700000, 0x0000000096700000|100%| E|CS|TAMS 0x0000000096600000| PB 0x0000000096600000| Complete 
| 359|0x0000000096700000, 0x0000000096800000, 0x0000000096800000|100%| E|CS|TAMS 0x0000000096700000| PB 0x0000000096700000| Complete 
| 360|0x0000000096800000, 0x0000000096900000, 0x0000000096900000|100%| E|CS|TAMS 0x0000000096800000| PB 0x0000000096800000| Complete 
| 361|0x0000000096900000, 0x0000000096a00000, 0x0000000096a00000|100%| E|CS|TAMS 0x0000000096900000| PB 0x0000000096900000| Complete 
| 362|0x0000000096a00000, 0x0000000096b00000, 0x0000000096b00000|100%| E|CS|TAMS 0x0000000096a00000| PB 0x0000000096a00000| Complete 
| 363|0x0000000096b00000, 0x0000000096c00000, 0x0000000096c00000|100%| E|CS|TAMS 0x0000000096b00000| PB 0x0000000096b00000| Complete 
| 364|0x0000000096c00000, 0x0000000096d00000, 0x0000000096d00000|100%| E|CS|TAMS 0x0000000096c00000| PB 0x0000000096c00000| Complete 
| 365|0x0000000096d00000, 0x0000000096e00000, 0x0000000096e00000|100%| E|CS|TAMS 0x0000000096d00000| PB 0x0000000096d00000| Complete 
| 366|0x0000000096e00000, 0x0000000096f00000, 0x0000000096f00000|100%| E|CS|TAMS 0x0000000096e00000| PB 0x0000000096e00000| Complete 
| 367|0x0000000096f00000, 0x0000000097000000, 0x0000000097000000|100%| E|CS|TAMS 0x0000000096f00000| PB 0x0000000096f00000| Complete 
| 368|0x0000000097000000, 0x0000000097100000, 0x0000000097100000|100%| E|CS|TAMS 0x0000000097000000| PB 0x0000000097000000| Complete 
| 369|0x0000000097100000, 0x0000000097200000, 0x0000000097200000|100%| E|CS|TAMS 0x0000000097100000| PB 0x0000000097100000| Complete 
| 370|0x0000000097200000, 0x0000000097300000, 0x0000000097300000|100%| E|CS|TAMS 0x0000000097200000| PB 0x0000000097200000| Complete 
| 371|0x0000000097300000, 0x0000000097400000, 0x0000000097400000|100%| E|CS|TAMS 0x0000000097300000| PB 0x0000000097300000| Complete 
| 372|0x0000000097400000, 0x0000000097500000, 0x0000000097500000|100%| E|CS|TAMS 0x0000000097400000| PB 0x0000000097400000| Complete 
| 373|0x0000000097500000, 0x0000000097600000, 0x0000000097600000|100%| E|CS|TAMS 0x0000000097500000| PB 0x0000000097500000| Complete 
| 374|0x0000000097600000, 0x0000000097700000, 0x0000000097700000|100%| E|CS|TAMS 0x0000000097600000| PB 0x0000000097600000| Complete 
| 375|0x0000000097700000, 0x0000000097800000, 0x0000000097800000|100%| E|CS|TAMS 0x0000000097700000| PB 0x0000000097700000| Complete 
| 376|0x0000000097800000, 0x0000000097900000, 0x0000000097900000|100%| E|CS|TAMS 0x0000000097800000| PB 0x0000000097800000| Complete 
| 377|0x0000000097900000, 0x0000000097a00000, 0x0000000097a00000|100%| E|CS|TAMS 0x0000000097900000| PB 0x0000000097900000| Complete 
| 378|0x0000000097a00000, 0x0000000097b00000, 0x0000000097b00000|100%| E|CS|TAMS 0x0000000097a00000| PB 0x0000000097a00000| Complete 
| 379|0x0000000097b00000, 0x0000000097c00000, 0x0000000097c00000|100%| E|CS|TAMS 0x0000000097b00000| PB 0x0000000097b00000| Complete 
| 380|0x0000000097c00000, 0x0000000097d00000, 0x0000000097d00000|100%| E|CS|TAMS 0x0000000097c00000| PB 0x0000000097c00000| Complete 
| 381|0x0000000097d00000, 0x0000000097e00000, 0x0000000097e00000|100%| E|CS|TAMS 0x0000000097d00000| PB 0x0000000097d00000| Complete 
| 382|0x0000000097e00000, 0x0000000097f00000, 0x0000000097f00000|100%| E|CS|TAMS 0x0000000097e00000| PB 0x0000000097e00000| Complete 
| 383|0x0000000097f00000, 0x0000000098000000, 0x0000000098000000|100%| E|CS|TAMS 0x0000000097f00000| PB 0x0000000097f00000| Complete 
| 384|0x0000000098000000, 0x0000000098100000, 0x0000000098100000|100%| E|CS|TAMS 0x0000000098000000| PB 0x0000000098000000| Complete 
| 385|0x0000000098100000, 0x0000000098200000, 0x0000000098200000|100%| E|CS|TAMS 0x0000000098100000| PB 0x0000000098100000| Complete 
| 386|0x0000000098200000, 0x0000000098300000, 0x0000000098300000|100%| E|CS|TAMS 0x0000000098200000| PB 0x0000000098200000| Complete 
| 387|0x0000000098300000, 0x0000000098400000, 0x0000000098400000|100%| E|CS|TAMS 0x0000000098300000| PB 0x0000000098300000| Complete 
| 388|0x0000000098400000, 0x0000000098500000, 0x0000000098500000|100%| E|CS|TAMS 0x0000000098400000| PB 0x0000000098400000| Complete 
| 389|0x0000000098500000, 0x0000000098600000, 0x0000000098600000|100%| E|CS|TAMS 0x0000000098500000| PB 0x0000000098500000| Complete 
| 390|0x0000000098600000, 0x0000000098700000, 0x0000000098700000|100%| E|CS|TAMS 0x0000000098600000| PB 0x0000000098600000| Complete 
| 391|0x0000000098700000, 0x0000000098800000, 0x0000000098800000|100%| E|CS|TAMS 0x0000000098700000| PB 0x0000000098700000| Complete 
| 392|0x0000000098800000, 0x0000000098900000, 0x0000000098900000|100%| E|CS|TAMS 0x0000000098800000| PB 0x0000000098800000| Complete 
| 393|0x0000000098900000, 0x0000000098a00000, 0x0000000098a00000|100%| E|CS|TAMS 0x0000000098900000| PB 0x0000000098900000| Complete 
| 394|0x0000000098a00000, 0x0000000098b00000, 0x0000000098b00000|100%| E|CS|TAMS 0x0000000098a00000| PB 0x0000000098a00000| Complete 
| 395|0x0000000098b00000, 0x0000000098c00000, 0x0000000098c00000|100%| E|CS|TAMS 0x0000000098b00000| PB 0x0000000098b00000| Complete 
| 396|0x0000000098c00000, 0x0000000098d00000, 0x0000000098d00000|100%| E|CS|TAMS 0x0000000098c00000| PB 0x0000000098c00000| Complete 
| 397|0x0000000098d00000, 0x0000000098e00000, 0x0000000098e00000|100%| E|CS|TAMS 0x0000000098d00000| PB 0x0000000098d00000| Complete 
| 398|0x0000000098e00000, 0x0000000098f00000, 0x0000000098f00000|100%| E|CS|TAMS 0x0000000098e00000| PB 0x0000000098e00000| Complete 
| 399|0x0000000098f00000, 0x0000000099000000, 0x0000000099000000|100%| E|CS|TAMS 0x0000000098f00000| PB 0x0000000098f00000| Complete 
| 400|0x0000000099000000, 0x0000000099100000, 0x0000000099100000|100%| E|CS|TAMS 0x0000000099000000| PB 0x0000000099000000| Complete 
| 401|0x0000000099100000, 0x0000000099200000, 0x0000000099200000|100%| E|CS|TAMS 0x0000000099100000| PB 0x0000000099100000| Complete 
| 402|0x0000000099200000, 0x0000000099300000, 0x0000000099300000|100%| E|CS|TAMS 0x0000000099200000| PB 0x0000000099200000| Complete 
| 403|0x0000000099300000, 0x0000000099400000, 0x0000000099400000|100%| E|CS|TAMS 0x0000000099300000| PB 0x0000000099300000| Complete 
| 404|0x0000000099400000, 0x0000000099500000, 0x0000000099500000|100%| E|CS|TAMS 0x0000000099400000| PB 0x0000000099400000| Complete 
| 405|0x0000000099500000, 0x0000000099600000, 0x0000000099600000|100%| E|CS|TAMS 0x0000000099500000| PB 0x0000000099500000| Complete 
| 406|0x0000000099600000, 0x0000000099700000, 0x0000000099700000|100%| E|CS|TAMS 0x0000000099600000| PB 0x0000000099600000| Complete 
| 407|0x0000000099700000, 0x0000000099800000, 0x0000000099800000|100%| E|CS|TAMS 0x0000000099700000| PB 0x0000000099700000| Complete 
| 408|0x0000000099800000, 0x0000000099900000, 0x0000000099900000|100%| E|CS|TAMS 0x0000000099800000| PB 0x0000000099800000| Complete 
| 409|0x0000000099900000, 0x0000000099a00000, 0x0000000099a00000|100%| E|CS|TAMS 0x0000000099900000| PB 0x0000000099900000| Complete 
| 410|0x0000000099a00000, 0x0000000099b00000, 0x0000000099b00000|100%| E|CS|TAMS 0x0000000099a00000| PB 0x0000000099a00000| Complete 
| 411|0x0000000099b00000, 0x0000000099c00000, 0x0000000099c00000|100%| E|CS|TAMS 0x0000000099b00000| PB 0x0000000099b00000| Complete 
| 412|0x0000000099c00000, 0x0000000099d00000, 0x0000000099d00000|100%| E|CS|TAMS 0x0000000099c00000| PB 0x0000000099c00000| Complete 
| 413|0x0000000099d00000, 0x0000000099e00000, 0x0000000099e00000|100%| E|CS|TAMS 0x0000000099d00000| PB 0x0000000099d00000| Complete 
| 414|0x0000000099e00000, 0x0000000099f00000, 0x0000000099f00000|100%| E|CS|TAMS 0x0000000099e00000| PB 0x0000000099e00000| Complete 
| 415|0x0000000099f00000, 0x000000009a000000, 0x000000009a000000|100%| E|CS|TAMS 0x0000000099f00000| PB 0x0000000099f00000| Complete 
| 416|0x000000009a000000, 0x000000009a100000, 0x000000009a100000|100%| E|CS|TAMS 0x000000009a000000| PB 0x000000009a000000| Complete 
| 417|0x000000009a100000, 0x000000009a200000, 0x000000009a200000|100%| E|CS|TAMS 0x000000009a100000| PB 0x000000009a100000| Complete 
| 418|0x000000009a200000, 0x000000009a300000, 0x000000009a300000|100%| E|CS|TAMS 0x000000009a200000| PB 0x000000009a200000| Complete 
| 419|0x000000009a300000, 0x000000009a400000, 0x000000009a400000|100%| E|CS|TAMS 0x000000009a300000| PB 0x000000009a300000| Complete 
| 420|0x000000009a400000, 0x000000009a500000, 0x000000009a500000|100%| E|CS|TAMS 0x000000009a400000| PB 0x000000009a400000| Complete 
| 421|0x000000009a500000, 0x000000009a600000, 0x000000009a600000|100%| E|CS|TAMS 0x000000009a500000| PB 0x000000009a500000| Complete 
| 422|0x000000009a600000, 0x000000009a700000, 0x000000009a700000|100%| E|CS|TAMS 0x000000009a600000| PB 0x000000009a600000| Complete 
| 423|0x000000009a700000, 0x000000009a800000, 0x000000009a800000|100%| E|CS|TAMS 0x000000009a700000| PB 0x000000009a700000| Complete 
| 424|0x000000009a800000, 0x000000009a900000, 0x000000009a900000|100%| E|CS|TAMS 0x000000009a800000| PB 0x000000009a800000| Complete 
| 425|0x000000009a900000, 0x000000009aa00000, 0x000000009aa00000|100%| E|CS|TAMS 0x000000009a900000| PB 0x000000009a900000| Complete 
| 426|0x000000009aa00000, 0x000000009ab00000, 0x000000009ab00000|100%| E|CS|TAMS 0x000000009aa00000| PB 0x000000009aa00000| Complete 
| 427|0x000000009ab00000, 0x000000009ac00000, 0x000000009ac00000|100%| E|CS|TAMS 0x000000009ab00000| PB 0x000000009ab00000| Complete 
| 428|0x000000009ac00000, 0x000000009ad00000, 0x000000009ad00000|100%| E|CS|TAMS 0x000000009ac00000| PB 0x000000009ac00000| Complete 
| 429|0x000000009ad00000, 0x000000009ae00000, 0x000000009ae00000|100%| E|CS|TAMS 0x000000009ad00000| PB 0x000000009ad00000| Complete 
| 430|0x000000009ae00000, 0x000000009af00000, 0x000000009af00000|100%| E|CS|TAMS 0x000000009ae00000| PB 0x000000009ae00000| Complete 
| 431|0x000000009af00000, 0x000000009b000000, 0x000000009b000000|100%| E|CS|TAMS 0x000000009af00000| PB 0x000000009af00000| Complete 
| 432|0x000000009b000000, 0x000000009b100000, 0x000000009b100000|100%| E|CS|TAMS 0x000000009b000000| PB 0x000000009b000000| Complete 
|2006|0x00000000fd600000, 0x00000000fd700000, 0x00000000fd700000|100%| O|  |TAMS 0x00000000fd600000| PB 0x00000000fd600000| Untracked 
|2007|0x00000000fd700000, 0x00000000fd800000, 0x00000000fd800000|100%| O|  |TAMS 0x00000000fd700000| PB 0x00000000fd700000| Untracked 
|2008|0x00000000fd800000, 0x00000000fd900000, 0x00000000fd900000|100%| O|CS|TAMS 0x00000000fd800000| PB 0x00000000fd800000| Complete 
|2009|0x00000000fd900000, 0x00000000fda00000, 0x00000000fda00000|100%| O|  |TAMS 0x00000000fd900000| PB 0x00000000fd900000| Untracked 
|2010|0x00000000fda00000, 0x00000000fdb00000, 0x00000000fdb00000|100%| O|  |TAMS 0x00000000fda00000| PB 0x00000000fda00000| Untracked 
|2011|0x00000000fdb00000, 0x00000000fdc00000, 0x00000000fdc00000|100%| O|  |TAMS 0x00000000fdb00000| PB 0x00000000fdb00000| Untracked 
|2012|0x00000000fdc00000, 0x00000000fdd00000, 0x00000000fdd00000|100%| O|  |TAMS 0x00000000fdc00000| PB 0x00000000fdc00000| Untracked 
|2013|0x00000000fdd00000, 0x00000000fde00000, 0x00000000fde00000|100%| O|  |TAMS 0x00000000fdd00000| PB 0x00000000fdd00000| Untracked 
|2014|0x00000000fde00000, 0x00000000fdf00000, 0x00000000fdf00000|100%| O|  |TAMS 0x00000000fde00000| PB 0x00000000fde00000| Untracked 
|2015|0x00000000fdf00000, 0x00000000fe000000, 0x00000000fe000000|100%| O|  |TAMS 0x00000000fdf00000| PB 0x00000000fdf00000| Untracked 
|2016|0x00000000fe000000, 0x00000000fe100000, 0x00000000fe100000|100%| O|  |TAMS 0x00000000fe000000| PB 0x00000000fe000000| Untracked 
|2017|0x00000000fe100000, 0x00000000fe200000, 0x00000000fe200000|100%| O|  |TAMS 0x00000000fe100000| PB 0x00000000fe100000| Untracked 
|2018|0x00000000fe200000, 0x00000000fe300000, 0x00000000fe300000|100%| O|  |TAMS 0x00000000fe200000| PB 0x00000000fe200000| Untracked 
|2019|0x00000000fe300000, 0x00000000fe400000, 0x00000000fe400000|100%| O|CS|TAMS 0x00000000fe300000| PB 0x00000000fe300000| Complete 
|2020|0x00000000fe400000, 0x00000000fe500000, 0x00000000fe500000|100%| O|  |TAMS 0x00000000fe400000| PB 0x00000000fe400000| Untracked 
|2021|0x00000000fe500000, 0x00000000fe600000, 0x00000000fe600000|100%| O|  |TAMS 0x00000000fe500000| PB 0x00000000fe500000| Untracked 
|2022|0x00000000fe600000, 0x00000000fe700000, 0x00000000fe700000|100%| O|  |TAMS 0x00000000fe600000| PB 0x00000000fe600000| Untracked 
|2023|0x00000000fe700000, 0x00000000fe800000, 0x00000000fe800000|100%| O|  |TAMS 0x00000000fe700000| PB 0x00000000fe700000| Untracked 
|2024|0x00000000fe800000, 0x00000000fe900000, 0x00000000fe900000|100%| O|  |TAMS 0x00000000fe800000| PB 0x00000000fe800000| Untracked 
|2025|0x00000000fe900000, 0x00000000fea00000, 0x00000000fea00000|100%| O|  |TAMS 0x00000000fe900000| PB 0x00000000fe900000| Untracked 
|2026|0x00000000fea00000, 0x00000000feb00000, 0x00000000feb00000|100%| O|  |TAMS 0x00000000fea00000| PB 0x00000000fea00000| Untracked 
|2027|0x00000000feb00000, 0x00000000fec00000, 0x00000000fec00000|100%| O|  |TAMS 0x00000000feb00000| PB 0x00000000feb00000| Untracked 
|2028|0x00000000fec00000, 0x00000000fed00000, 0x00000000fed00000|100%| O|  |TAMS 0x00000000fec00000| PB 0x00000000fec00000| Untracked 
|2029|0x00000000fed00000, 0x00000000fee00000, 0x00000000fee00000|100%| O|  |TAMS 0x00000000fed00000| PB 0x00000000fed00000| Untracked 
|2030|0x00000000fee00000, 0x00000000fef00000, 0x00000000fef00000|100%| O|  |TAMS 0x00000000fee00000| PB 0x00000000fee00000| Untracked 
|2031|0x00000000fef00000, 0x00000000ff000000, 0x00000000ff000000|100%| O|  |TAMS 0x00000000fef00000| PB 0x00000000fef00000| Untracked 
|2032|0x00000000ff000000, 0x00000000ff100000, 0x00000000ff100000|100%| O|  |TAMS 0x00000000ff000000| PB 0x00000000ff000000| Untracked 
|2033|0x00000000ff100000, 0x00000000ff200000, 0x00000000ff200000|100%| E|CS|TAMS 0x00000000ff100000| PB 0x00000000ff100000| Complete 
|2034|0x00000000ff200000, 0x00000000ff300000, 0x00000000ff300000|100%| E|CS|TAMS 0x00000000ff200000| PB 0x00000000ff200000| Complete 
|2035|0x00000000ff300000, 0x00000000ff400000, 0x00000000ff400000|100%| E|CS|TAMS 0x00000000ff300000| PB 0x00000000ff300000| Complete 
|2036|0x00000000ff400000, 0x00000000ff500000, 0x00000000ff500000|100%| E|CS|TAMS 0x00000000ff400000| PB 0x00000000ff400000| Complete 
|2037|0x00000000ff500000, 0x00000000ff600000, 0x00000000ff600000|100%| E|CS|TAMS 0x00000000ff500000| PB 0x00000000ff500000| Complete 
|2038|0x00000000ff600000, 0x00000000ff700000, 0x00000000ff700000|100%| E|CS|TAMS 0x00000000ff600000| PB 0x00000000ff600000| Complete 
|2039|0x00000000ff700000, 0x00000000ff800000, 0x00000000ff800000|100%| E|CS|TAMS 0x00000000ff700000| PB 0x00000000ff700000| Complete 
|2040|0x00000000ff800000, 0x00000000ff900000, 0x00000000ff900000|100%| E|CS|TAMS 0x00000000ff800000| PB 0x00000000ff800000| Complete 
|2041|0x00000000ff900000, 0x00000000ffa00000, 0x00000000ffa00000|100%| E|CS|TAMS 0x00000000ff900000| PB 0x00000000ff900000| Complete 
|2042|0x00000000ffa00000, 0x00000000ffb00000, 0x00000000ffb00000|100%| E|CS|TAMS 0x00000000ffa00000| PB 0x00000000ffa00000| Complete 
|2043|0x00000000ffb00000, 0x00000000ffc00000, 0x00000000ffc00000|100%| E|CS|TAMS 0x00000000ffb00000| PB 0x00000000ffb00000| Complete 
|2044|0x00000000ffc00000, 0x00000000ffd00000, 0x00000000ffd00000|100%| O|  |TAMS 0x00000000ffc00000| PB 0x00000000ffc00000| Untracked 
|2045|0x00000000ffd00000, 0x00000000ffe00000, 0x00000000ffe00000|100%| E|CS|TAMS 0x00000000ffd00000| PB 0x00000000ffd00000| Complete 
|2046|0x00000000ffe00000, 0x00000000fff00000, 0x00000000fff00000|100%| O|  |TAMS 0x00000000ffe00000| PB 0x00000000ffe00000| Untracked 
|2047|0x00000000fff00000, 0x0000000100000000, 0x0000000100000000|100%| O|  |TAMS 0x00000000fff00000| PB 0x00000000fff00000| Untracked 

Card table byte_map: [0x000001f44a1e0000,0x000001f44a5e0000] _byte_map_base: 0x000001f449de0000

Marking Bits: (CMBitMap*) 0x000001f4379a7050
 Bits: [0x000001f44a5e0000, 0x000001f44c5e0000)

Polling page: 0x000001f435740000

Metaspace:

Usage:
  Non-class:    141.32 MB used.
      Class:     22.23 MB used.
       Both:    163.55 MB used.

Virtual space:
  Non-class space:      192.00 MB reserved,     142.56 MB ( 74%) committed,  3 nodes.
      Class space:        1.00 GB reserved,      23.44 MB (  2%) committed,  1 nodes.
             Both:        1.19 GB reserved,     166.00 MB ( 14%) committed. 

Chunk freelists:
   Non-Class:  1.45 MB
       Class:  8.59 MB
        Both:  10.05 MB

MaxMetaspaceSize: unlimited
CompressedClassSpaceSize: 1.00 GB
Initial GC threshold: 21.00 MB
Current GC threshold: 268.75 MB
CDS: off
 - commit_granule_bytes: 65536.
 - commit_granule_words: 8192.
 - virtual_space_node_default_size: 8388608.
 - enlarge_chunks_in_place: 1.
 - use_allocation_guard: 0.


Internal statistics:

num_allocs_failed_limit: 12.
num_arena_births: 4742.
num_arena_deaths: 0.
num_vsnodes_births: 4.
num_vsnodes_deaths: 0.
num_space_committed: 2653.
num_space_uncommitted: 0.
num_chunks_returned_to_freelist: 12.
num_chunks_taken_from_freelist: 12363.
num_chunk_merges: 12.
num_chunk_splits: 7934.
num_chunks_enlarged: 4739.
num_inconsistent_stats: 0.

CodeHeap 'non-profiled nmethods': size=120000Kb used=11468Kb max_used=11468Kb free=108531Kb
 bounds [0x000001f442580000, 0x000001f4430c0000, 0x000001f449ab0000]
CodeHeap 'profiled nmethods': size=120000Kb used=30863Kb max_used=30863Kb free=89136Kb
 bounds [0x000001f43aab0000, 0x000001f43c8e0000, 0x000001f441fe0000]
CodeHeap 'non-nmethods': size=5760Kb used=3068Kb max_used=3084Kb free=2692Kb
 bounds [0x000001f441fe0000, 0x000001f442300000, 0x000001f442580000]
 total_blobs=17568 nmethods=16460 adapters=1010
 compilation: enabled
              stopped_count=0, restarted_count=0
 full_count=0

Compilation events (20 events):
Event: 25.340 Thread 0x000001f44f1d23f0 20041       2       com.android.tools.r8.internal.jw::a (6 bytes)
Event: 25.340 Thread 0x000001f44f1d23f0 nmethod 20041 0x000001f43c8d0f90 code [0x000001f43c8d1140, 0x000001f43c8d1288]
Event: 25.340 Thread 0x000001f44f1d23f0 20020       2       com.android.tools.r8.graph.j2$b$$Lambda/0x0000000101759920::apply (8 bytes)
Event: 25.340 Thread 0x000001f44f1d23f0 nmethod 20020 0x000001f43c8d1310 code [0x000001f43c8d14a0, 0x000001f43c8d15e0]
Event: 25.340 Thread 0x000001f44f1d23f0 20037       2       com.android.tools.r8.internal.ql0::<init> (8 bytes)
Event: 25.340 Thread 0x000001f44f1d23f0 nmethod 20037 0x000001f43c8d1710 code [0x000001f43c8d18c0, 0x000001f43c8d19e0]
Event: 25.340 Thread 0x000001f44f1d23f0 19972       2       java.util.Arrays::hashCode (60 bytes)
Event: 25.340 Thread 0x000001f44f1d23f0 nmethod 19972 0x000001f43c8d1a90 code [0x000001f43c8d1c60, 0x000001f43c8d1e48]
Event: 25.340 Thread 0x000001f44f1d23f0 19971       2       ksp.org.jetbrains.kotlin.parsing.TrailingCommentsBinder::getEdgePosition (135 bytes)
Event: 25.341 Thread 0x000001f44f1d23f0 nmethod 19971 0x000001f43c8d1f10 code [0x000001f43c8d21a0, 0x000001f43c8d2918]
Event: 25.341 Thread 0x000001f44f1d23f0 19974       2       ksp.org.jetbrains.kotlin.psi.KtQualifiedExpression::getReceiverExpression (127 bytes)
Event: 25.342 Thread 0x000001f44f1d23f0 nmethod 19974 0x000001f43c8d2e10 code [0x000001f43c8d3020, 0x000001f43c8d3390]
Event: 25.342 Thread 0x000001f44f1d23f0 19991       1       ksp.org.jetbrains.kotlin.parsing.KotlinParsing$ModifierDetector::isCompanionDetected (5 bytes)
Event: 25.342 Thread 0x000001f44f1d23f0 nmethod 19991 0x000001f4430b2a10 code [0x000001f4430b2ba0, 0x000001f4430b2c70]
Event: 25.342 Thread 0x000001f44f1d23f0 19976       1       ksp.org.jetbrains.kotlin.psi.stubs.impl.KotlinClassStubImpl::getClassId (5 bytes)
Event: 25.342 Thread 0x000001f44f1d23f0 nmethod 19976 0x000001f4430b2d10 code [0x000001f4430b2ea0, 0x000001f4430b2f68]
Event: 25.342 Thread 0x000001f44f1d23f0 20000       1       ksp.org.jetbrains.kotlin.parsing.AbstractTokenStreamPattern::result (5 bytes)
Event: 25.342 Thread 0x000001f44f1d23f0 nmethod 20000 0x000001f4430b3010 code [0x000001f4430b31a0, 0x000001f4430b3268]
Event: 25.348 Thread 0x000001f44f1d23f0 20049       3       com.android.tools.r8.internal.yf0::<init> (35 bytes)
Event: 25.348 Thread 0x000001f44f1d23f0 nmethod 20049 0x000001f43c8d3690 code [0x000001f43c8d3880, 0x000001f43c8d3d18]

GC Heap History (20 events):
Event: 20.902 GC heap after
{Heap after GC invocations=51 (full 0):
 garbage-first heap   total 273408K, used 167649K [0x0000000080000000, 0x0000000100000000)
  region size 1024K, 6 young (6144K), 6 survivors (6144K)
 Metaspace       used 129518K, committed 131840K, reserved 1179648K
  class space    used 17580K, committed 18688K, reserved 1048576K
}
Event: 21.231 GC heap before
{Heap before GC invocations=51 (full 0):
 garbage-first heap   total 273408K, used 230113K [0x0000000080000000, 0x0000000100000000)
  region size 1024K, 64 young (65536K), 6 survivors (6144K)
 Metaspace       used 134798K, committed 137152K, reserved 1179648K
  class space    used 18146K, committed 19264K, reserved 1048576K
}
Event: 21.237 GC heap after
{Heap after GC invocations=52 (full 0):
 garbage-first heap   total 273408K, used 169003K [0x0000000080000000, 0x0000000100000000)
  region size 1024K, 5 young (5120K), 5 survivors (5120K)
 Metaspace       used 134798K, committed 137152K, reserved 1179648K
  class space    used 18146K, committed 19264K, reserved 1048576K
}
Event: 21.544 GC heap before
{Heap before GC invocations=52 (full 0):
 garbage-first heap   total 273408K, used 230443K [0x0000000080000000, 0x0000000100000000)
  region size 1024K, 66 young (67584K), 5 survivors (5120K)
 Metaspace       used 139100K, committed 141440K, reserved 1179648K
  class space    used 18658K, committed 19776K, reserved 1048576K
}
Event: 21.551 GC heap after
{Heap after GC invocations=53 (full 0):
 garbage-first heap   total 273408K, used 175748K [0x0000000080000000, 0x0000000100000000)
  region size 1024K, 9 young (9216K), 9 survivors (9216K)
 Metaspace       used 139100K, committed 141440K, reserved 1179648K
  class space    used 18658K, committed 19776K, reserved 1048576K
}
Event: 21.934 GC heap before
{Heap before GC invocations=54 (full 0):
 garbage-first heap   total 275456K, used 223876K [0x0000000080000000, 0x0000000100000000)
  region size 1024K, 68 young (69632K), 9 survivors (9216K)
 Metaspace       used 143524K, committed 145792K, reserved 1179648K
  class space    used 19687K, committed 20800K, reserved 1048576K
}
Event: 21.942 GC heap after
{Heap after GC invocations=55 (full 0):
 garbage-first heap   total 275456K, used 168118K [0x0000000080000000, 0x0000000100000000)
  region size 1024K, 6 young (6144K), 6 survivors (6144K)
 Metaspace       used 143524K, committed 145792K, reserved 1179648K
  class space    used 19687K, committed 20800K, reserved 1048576K
}
Event: 22.287 GC heap before
{Heap before GC invocations=55 (full 0):
 garbage-first heap   total 275456K, used 239798K [0x0000000080000000, 0x0000000100000000)
  region size 1024K, 73 young (74752K), 6 survivors (6144K)
 Metaspace       used 145559K, committed 148032K, reserved 1179648K
  class space    used 19889K, committed 21120K, reserved 1048576K
}
Event: 22.300 GC heap after
{Heap after GC invocations=56 (full 0):
 garbage-first heap   total 357376K, used 178946K [0x0000000080000000, 0x0000000100000000)
  region size 1024K, 10 young (10240K), 10 survivors (10240K)
 Metaspace       used 145559K, committed 148032K, reserved 1179648K
  class space    used 19889K, committed 21120K, reserved 1048576K
}
Event: 22.315 GC heap before
{Heap before GC invocations=56 (full 0):
 garbage-first heap   total 357376K, used 183042K [0x0000000080000000, 0x0000000100000000)
  region size 1024K, 16 young (16384K), 10 survivors (10240K)
 Metaspace       used 145586K, committed 148032K, reserved 1179648K
  class space    used 19890K, committed 21120K, reserved 1048576K
}
Event: 22.324 GC heap after
{Heap after GC invocations=57 (full 0):
 garbage-first heap   total 357376K, used 184914K [0x0000000080000000, 0x0000000100000000)
  region size 1024K, 13 young (13312K), 13 survivors (13312K)
 Metaspace       used 145586K, committed 148032K, reserved 1179648K
  class space    used 19890K, committed 21120K, reserved 1048576K
}
Event: 22.841 GC heap before
{Heap before GC invocations=58 (full 0):
 garbage-first heap   total 357376K, used 352850K [0x0000000080000000, 0x0000000100000000)
  region size 1024K, 111 young (113664K), 13 survivors (13312K)
 Metaspace       used 150356K, committed 152832K, reserved 1245184K
  class space    used 20477K, committed 21696K, reserved 1048576K
}
Event: 22.862 GC heap after
{Heap after GC invocations=59 (full 0):
 garbage-first heap   total 397312K, used 251386K [0x0000000080000000, 0x0000000100000000)
  region size 1024K, 14 young (14336K), 14 survivors (14336K)
 Metaspace       used 150356K, committed 152832K, reserved 1245184K
  class space    used 20477K, committed 21696K, reserved 1048576K
}
Event: 23.343 GC heap before
{Heap before GC invocations=59 (full 0):
 garbage-first heap   total 397312K, used 355834K [0x0000000080000000, 0x0000000100000000)
  region size 1024K, 97 young (99328K), 14 survivors (14336K)
 Metaspace       used 159029K, committed 161472K, reserved 1245184K
  class space    used 21623K, committed 22848K, reserved 1048576K
}
Event: 23.367 GC heap after
{Heap after GC invocations=60 (full 0):
 garbage-first heap   total 397312K, used 273377K [0x0000000080000000, 0x0000000100000000)
  region size 1024K, 13 young (13312K), 13 survivors (13312K)
 Metaspace       used 159029K, committed 161472K, reserved 1245184K
  class space    used 21623K, committed 22848K, reserved 1048576K
}
Event: 23.735 GC heap before
{Heap before GC invocations=60 (full 0):
 garbage-first heap   total 397312K, used 348129K [0x0000000080000000, 0x0000000100000000)
  region size 1024K, 86 young (88064K), 13 survivors (13312K)
 Metaspace       used 162387K, committed 164864K, reserved 1245184K
  class space    used 22029K, committed 23232K, reserved 1048576K
}
Event: 23.762 GC heap after
{Heap after GC invocations=61 (full 0):
 garbage-first heap   total 397312K, used 291840K [0x0000000080000000, 0x0000000100000000)
  region size 1024K, 11 young (11264K), 11 survivors (11264K)
 Metaspace       used 162387K, committed 164864K, reserved 1245184K
  class space    used 22029K, committed 23232K, reserved 1048576K
}
Event: 24.415 GC heap before
{Heap before GC invocations=62 (full 0):
 garbage-first heap   total 486400K, used 358400K [0x0000000080000000, 0x0000000100000000)
  region size 1024K, 73 young (74752K), 11 survivors (11264K)
 Metaspace       used 165019K, committed 167488K, reserved 1245184K
  class space    used 22329K, committed 23552K, reserved 1048576K
}
Event: 24.440 GC heap after
{Heap after GC invocations=63 (full 0):
 garbage-first heap   total 486400K, used 310272K [0x0000000080000000, 0x0000000100000000)
  region size 1024K, 10 young (10240K), 10 survivors (10240K)
 Metaspace       used 165019K, committed 167488K, reserved 1245184K
  class space    used 22329K, committed 23552K, reserved 1048576K
}
Event: 25.417 GC heap before
{Heap before GC invocations=63 (full 0):
 garbage-first heap   total 486400K, used 412672K [0x0000000080000000, 0x0000000100000000)
  region size 1024K, 111 young (113664K), 10 survivors (10240K)
 Metaspace       used 167472K, committed 169984K, reserved 1245184K
  class space    used 22765K, committed 24000K, reserved 1048576K
}

Dll operation events (3 events):
Event: 0.086 Loaded shared library F:\Android\jbr\bin\java.dll
Event: 0.092 Loaded shared library F:\Android\jbr\bin\zip.dll
Event: 0.578 Loaded shared library F:\Android\jbr\bin\verify.dll

Deoptimization events (20 events):
Event: 25.007 Thread 0x000001f455bf7800 Uncommon trap: trap_request=0xffffffbe fr.pc=0x000001f44305d2bc relative=0x0000000000000e3c
Event: 25.007 Thread 0x000001f455bf7800 Uncommon trap: reason=profile_predicate action=maybe_recompile pc=0x000001f44305d2bc method=com.android.tools.r8.internal.fe3.contains(Ljava/lang/Object;)Z @ 35 c2
Event: 25.007 Thread 0x000001f455bf7800 DEOPT PACKING pc=0x000001f44305d2bc sp=0x000000eb521fc410
Event: 25.007 Thread 0x000001f455bf7800 DEOPT UNPACKING pc=0x000001f4420346a2 sp=0x000000eb521fc3d8 mode 2
Event: 25.007 Thread 0x000001f455bf7800 Uncommon trap: trap_request=0xffffffbe fr.pc=0x000001f44305d2bc relative=0x0000000000000e3c
Event: 25.007 Thread 0x000001f455bf7800 Uncommon trap: reason=profile_predicate action=maybe_recompile pc=0x000001f44305d2bc method=com.android.tools.r8.internal.fe3.contains(Ljava/lang/Object;)Z @ 35 c2
Event: 25.007 Thread 0x000001f455bf7800 DEOPT PACKING pc=0x000001f44305d2bc sp=0x000000eb521fc5f0
Event: 25.007 Thread 0x000001f455bf7800 DEOPT UNPACKING pc=0x000001f4420346a2 sp=0x000000eb521fc5b8 mode 2
Event: 25.007 Thread 0x000001f455bf7800 Uncommon trap: trap_request=0xffffffbe fr.pc=0x000001f44305d2bc relative=0x0000000000000e3c
Event: 25.007 Thread 0x000001f455bf7800 Uncommon trap: reason=profile_predicate action=maybe_recompile pc=0x000001f44305d2bc method=com.android.tools.r8.internal.fe3.contains(Ljava/lang/Object;)Z @ 35 c2
Event: 25.007 Thread 0x000001f455bf7800 DEOPT PACKING pc=0x000001f44305d2bc sp=0x000000eb521fc410
Event: 25.007 Thread 0x000001f455bf7800 DEOPT UNPACKING pc=0x000001f4420346a2 sp=0x000000eb521fc3d8 mode 2
Event: 25.031 Thread 0x000001f455bf7800 DEOPT PACKING pc=0x000001f43c7855d2 sp=0x000000eb521fcbf0
Event: 25.031 Thread 0x000001f455bf7800 DEOPT UNPACKING pc=0x000001f442034e42 sp=0x000000eb521fc0d0 mode 0
Event: 25.137 Thread 0x000001f455bf7800 DEOPT PACKING pc=0x000001f43c73779a sp=0x000000eb521fc9d0
Event: 25.137 Thread 0x000001f455bf7800 DEOPT UNPACKING pc=0x000001f442034e42 sp=0x000000eb521fbff8 mode 0
Event: 25.203 Thread 0x000001f4622eab50 Uncommon trap: trap_request=0xffffff45 fr.pc=0x000001f443040e74 relative=0x0000000000000eb4
Event: 25.203 Thread 0x000001f4622eab50 Uncommon trap: reason=unstable_if action=reinterpret pc=0x000001f443040e74 method=ksp.org.jetbrains.kotlin.parsing.SemanticWhitespaceAwarePsiBuilderImpl.getJoinedTokenType(Lksp/com/intellij/psi/tree/IElementType;I)Lksp/com/intellij/psi/tree/IElementType; 
Event: 25.203 Thread 0x000001f4622eab50 DEOPT PACKING pc=0x000001f443040e74 sp=0x000000eb520fbcf0
Event: 25.203 Thread 0x000001f4622eab50 DEOPT UNPACKING pc=0x000001f4420346a2 sp=0x000000eb520fbc38 mode 2

Classes loaded (20 events):
Event: 24.108 Loading class java/util/AbstractList$SubList$1
Event: 24.108 Loading class java/util/AbstractList$SubList$1 done
Event: 24.217 Loading class java/util/IdentityHashMap$ValueIterator
Event: 24.217 Loading class java/util/IdentityHashMap$ValueIterator done
Event: 24.625 Loading class java/util/concurrent/ForkJoinTask$AdaptedInterruptibleCallable
Event: 24.625 Loading class java/util/concurrent/ForkJoinTask$InterruptibleTask
Event: 24.625 Loading class java/util/concurrent/ForkJoinTask$InterruptibleTask done
Event: 24.625 Loading class java/util/concurrent/ForkJoinTask$AdaptedInterruptibleCallable done
Event: 24.627 Loading class java/util/concurrent/ForkJoinTask$Aux
Event: 24.627 Loading class java/util/concurrent/ForkJoinTask$Aux done
Event: 24.627 Loading class java/util/concurrent/ForkJoinPool$DefaultForkJoinWorkerThreadFactory$1
Event: 24.627 Loading class java/util/concurrent/ForkJoinPool$DefaultForkJoinWorkerThreadFactory$1 done
Event: 24.628 Loading class java/util/concurrent/CountedCompleter
Event: 24.629 Loading class java/util/concurrent/CountedCompleter done
Event: 24.644 Loading class java/util/AbstractList$RandomAccessSubList
Event: 24.644 Loading class java/util/AbstractList$RandomAccessSubList done
Event: 24.856 Loading class java/nio/ShortBuffer
Event: 24.857 Loading class java/nio/ShortBuffer done
Event: 24.857 Loading class java/nio/HeapShortBuffer
Event: 24.857 Loading class java/nio/HeapShortBuffer done

Classes unloaded (0 events):
No events

Classes redefined (0 events):
No events

Internal exceptions (20 events):
Event: 23.222 Thread 0x000001f455bf7800 Exception <a 'java/lang/IncompatibleClassChangeError'{0x0000000091ae01d8}: Found class java.lang.Object, but interface was expected> (0x0000000091ae01d8) 
thrown [s\src\hotspot\share\interpreter\linkResolver.cpp, line 851]
Event: 23.253 Thread 0x000001f455bf7800 Exception <a 'java/lang/NoSuchMethodError'{0x0000000091430e68}: 'java.lang.Object java.lang.invoke.DirectMethodHandle$Holder.invokeSpecial(java.lang.Object, java.lang.Object, int, java.lang.Object, java.lang.Object, java.lang.Object, java.lang.Object, java.lang.Object)'> (0x0000000091430e68) 
thrown [s\src\hotspot\share\interpreter\linkResolver.cpp, line 784]
Event: 23.254 Thread 0x000001f455bf7800 Exception <a 'java/lang/NoSuchMethodError'{0x000000009143acd0}: 'java.lang.Object java.lang.invoke.DirectMethodHandle$Holder.newInvokeSpecial(java.lang.Object, java.lang.Object, int, java.lang.Object, java.lang.Object, java.lang.Object)'> (0x000000009143acd0) 
thrown [s\src\hotspot\share\interpreter\linkResolver.cpp, line 784]
Event: 24.106 Thread 0x000001f4622eab50 Implicit null exception at 0x000001f4426156b0 to 0x000001f442615b54
Event: 24.106 Thread 0x000001f4622eab50 Implicit null exception at 0x000001f44300c35d to 0x000001f44300dab0
Event: 24.248 Thread 0x000001f455bf7800 Exception <a 'java/lang/NoSuchMethodError'{0x0000000099218ab0}: 'void java.lang.invoke.DirectMethodHandle$Holder.invokeSpecial(java.lang.Object, java.lang.Object, java.lang.Object, java.lang.Object, java.lang.Object, java.lang.Object, java.lang.Object, java.lang.Object, java.lang.Object, java.lang.Object)'> (0x0000000099218ab0) 
thrown [s\src\hotspot\share\interpreter\linkResolver.cpp, line 784]
Event: 24.254 Thread 0x000001f4622eab50 Exception <a 'java/lang/NoSuchMethodError'{0x0000000099349658}: 'void java.lang.invoke.DirectMethodHandle$Holder.invokeSpecial(java.lang.Object, java.lang.Object, int, int)'> (0x0000000099349658) 
thrown [s\src\hotspot\share\interpreter\linkResolver.cpp, line 784]
Event: 24.294 Thread 0x000001f4622eab50 Exception <a 'java/lang/NoSuchMethodError'{0x0000000098e8c550}: 'java.lang.Object java.lang.invoke.DirectMethodHandle$Holder.invokeInterface(java.lang.Object, java.lang.Object, int)'> (0x0000000098e8c550) 
thrown [s\src\hotspot\share\interpreter\linkResolver.cpp, line 784]
Event: 24.296 Thread 0x000001f4622eab50 Exception <a 'java/lang/NoSuchMethodError'{0x0000000098e9b048}: 'java.lang.Object java.lang.invoke.DirectMethodHandle$Holder.newInvokeSpecial(java.lang.Object, java.lang.Object, java.lang.Object, java.lang.Object, java.lang.Object, int)'> (0x0000000098e9b048) 
thrown [s\src\hotspot\share\interpreter\linkResolver.cpp, line 784]
Event: 24.296 Thread 0x000001f4622eab50 Exception <a 'java/lang/NoSuchMethodError'{0x0000000098e9f318}: 'java.lang.Object java.lang.invoke.DirectMethodHandle$Holder.invokeSpecial(java.lang.Object, java.lang.Object, java.lang.Object, java.lang.Object, java.lang.Object, java.lang.Object, int)'> (0x0000000098e9f318) 
thrown [s\src\hotspot\share\interpreter\linkResolver.cpp, line 784]
Event: 24.296 Thread 0x000001f4622eab50 Exception <a 'java/lang/NoSuchMethodError'{0x0000000098ea2e90}: 'java.lang.Object java.lang.invoke.Invokers$Holder.linkToTargetMethod(java.lang.Object, java.lang.Object, java.lang.Object, java.lang.Object, int, java.lang.Object)'> (0x0000000098ea2e90) 
thrown [s\src\hotspot\share\interpreter\linkResolver.cpp, line 784]
Event: 24.315 Thread 0x000001f455bf7800 Exception <a 'java/lang/IncompatibleClassChangeError'{0x0000000098c025f8}: Found class java.lang.Object, but interface was expected> (0x0000000098c025f8) 
thrown [s\src\hotspot\share\interpreter\linkResolver.cpp, line 851]
Event: 24.335 Thread 0x000001f455bf7800 Exception <a 'java/lang/NoSuchMethodError'{0x0000000098b46970}: 'java.lang.Object java.lang.invoke.DirectMethodHandle$Holder.invokeStatic(java.lang.Object, java.lang.Object, java.lang.Object, java.lang.Object, java.lang.Object, int)'> (0x0000000098b46970) 
thrown [s\src\hotspot\share\interpreter\linkResolver.cpp, line 784]
Event: 24.369 Thread 0x000001f455bf7800 Exception <a 'java/lang/NoSuchMethodError'{0x0000000098989480}: 'void java.lang.invoke.DirectMethodHandle$Holder.invokeSpecialIFC(java.lang.Object, java.lang.Object, java.lang.Object, java.lang.Object)'> (0x0000000098989480) 
thrown [s\src\hotspot\share\interpreter\linkResolver.cpp, line 784]
Event: 24.505 Thread 0x000001f455bf7800 Exception <a 'java/lang/NoSuchMethodError'{0x00000000ff4f16a8}: 'java.lang.Object java.lang.invoke.DirectMethodHandle$Holder.invokeSpecial(java.lang.Object, java.lang.Object, int, java.lang.Object, java.lang.Object, java.lang.Object)'> (0x00000000ff4f16a8) 
thrown [s\src\hotspot\share\interpreter\linkResolver.cpp, line 784]
Event: 24.630 Thread 0x000001f4622e8a80 Implicit null exception at 0x000001f442bfc738 to 0x000001f442bfdc40
Event: 24.630 Thread 0x000001f4622e8a80 Implicit null exception at 0x000001f442b6f28e to 0x000001f442b6fa00
Event: 24.637 Thread 0x000001f4622e8a80 Exception <a 'java/lang/NoSuchMethodError'{0x000000009a2e9cd8}: 'long java.lang.invoke.DirectMethodHandle$Holder.invokeStatic(java.lang.Object, java.lang.Object, java.lang.Object)'> (0x000000009a2e9cd8) 
thrown [s\src\hotspot\share\interpreter\linkResolver.cpp, line 784]
Event: 24.639 Thread 0x000001f4622ebf00 Implicit null exception at 0x000001f44299f10b to 0x000001f44299f1d0
Event: 24.642 Thread 0x000001f4622e4f70 Implicit null exception at 0x000001f4427de287 to 0x000001f4427de358

ZGC Phase Switch (0 events):
No events

VM Operations (20 events):
Event: 24.405 Executing VM operation: HandshakeAllThreads (Deoptimize) done
Event: 24.415 Executing VM operation: G1CollectForAllocation (G1 Evacuation Pause)
Event: 24.440 Executing VM operation: G1CollectForAllocation (G1 Evacuation Pause) done
Event: 24.541 Executing VM operation: ICBufferFull
Event: 24.541 Executing VM operation: ICBufferFull done
Event: 24.647 Executing VM operation: HandshakeAllThreads (Deoptimize)
Event: 24.650 Executing VM operation: HandshakeAllThreads (Deoptimize) done
Event: 24.667 Executing VM operation: ICBufferFull
Event: 24.667 Executing VM operation: ICBufferFull done
Event: 24.817 Executing VM operation: ICBufferFull
Event: 24.818 Executing VM operation: ICBufferFull done
Event: 24.864 Executing VM operation: HandshakeAllThreads (Deoptimize)
Event: 24.865 Executing VM operation: HandshakeAllThreads (Deoptimize) done
Event: 25.046 Executing VM operation: ICBufferFull
Event: 25.048 Executing VM operation: ICBufferFull done
Event: 25.188 Executing VM operation: HandshakeAllThreads (Deoptimize)
Event: 25.257 Executing VM operation: HandshakeAllThreads (Deoptimize) done
Event: 25.320 Executing VM operation: HandshakeAllThreads (Deoptimize)
Event: 25.353 Executing VM operation: HandshakeAllThreads (Deoptimize) done
Event: 25.379 Executing VM operation: G1CollectForAllocation (G1 Evacuation Pause)

Memory protections (0 events):
No events

Nmethod flushes (20 events):
Event: 23.997 Thread 0x000001f44f165f40 flushing  nmethod 0x000001f43aee2210
Event: 23.997 Thread 0x000001f44f165f40 flushing  nmethod 0x000001f43aee3a90
Event: 23.997 Thread 0x000001f44f165f40 flushing  nmethod 0x000001f43afc6110
Event: 23.997 Thread 0x000001f44f165f40 flushing  nmethod 0x000001f43b1af710
Event: 23.997 Thread 0x000001f44f165f40 flushing  nmethod 0x000001f43b45ad90
Event: 23.997 Thread 0x000001f44f165f40 flushing  nmethod 0x000001f43b61cf10
Event: 23.997 Thread 0x000001f44f165f40 flushing  nmethod 0x000001f43b6f0e90
Event: 23.997 Thread 0x000001f44f165f40 flushing  nmethod 0x000001f43b728590
Event: 23.997 Thread 0x000001f44f165f40 flushing  nmethod 0x000001f43b79ed10
Event: 23.997 Thread 0x000001f44f165f40 flushing  nmethod 0x000001f43b803a10
Event: 23.997 Thread 0x000001f44f165f40 flushing  nmethod 0x000001f43b805110
Event: 23.997 Thread 0x000001f44f165f40 flushing  nmethod 0x000001f43b8aa910
Event: 23.997 Thread 0x000001f44f165f40 flushing  nmethod 0x000001f43b8abe90
Event: 23.997 Thread 0x000001f44f165f40 flushing  nmethod 0x000001f43b907a10
Event: 23.997 Thread 0x000001f44f165f40 flushing  nmethod 0x000001f43b909b90
Event: 23.997 Thread 0x000001f44f165f40 flushing  nmethod 0x000001f43b90a210
Event: 23.997 Thread 0x000001f44f165f40 flushing  nmethod 0x000001f43bc6b390
Event: 23.997 Thread 0x000001f44f165f40 flushing  nmethod 0x000001f43bd69b90
Event: 23.997 Thread 0x000001f44f165f40 flushing  nmethod 0x000001f43c1e0a10
Event: 23.997 Thread 0x000001f44f165f40 flushing  nmethod 0x000001f43c20d410

Events (20 events):
Event: 18.691 Thread 0x000001f45c103c40 Thread added: 0x000001f4626a4860
Event: 18.691 Thread 0x000001f45c103c40 Thread added: 0x000001f4626a3b40
Event: 18.691 Thread 0x000001f45c103c40 Thread added: 0x000001f4626a13e0
Event: 18.812 Thread 0x000001f45c103c40 Thread added: 0x000001f4626a41d0
Event: 18.812 Thread 0x000001f45c103c40 Thread added: 0x000001f4626a6930
Event: 18.812 Thread 0x000001f45c103c40 Thread added: 0x000001f46269f9a0
Event: 18.813 Thread 0x000001f45c103c40 Thread added: 0x000001f4626a0030
Event: 20.434 Thread 0x000001f45c103c40 Thread added: 0x000001f4622eab50
Event: 20.820 Thread 0x000001f45c102200 Thread added: 0x000001f455bf7800
Event: 22.013 Thread 0x000001f45c102890 Thread added: 0x000001f4622e76d0
Event: 22.201 Thread 0x000001f4622e76d0 Thread added: 0x000001f4622e83f0
Event: 22.202 Thread 0x000001f4622e76d0 Thread added: 0x000001f4622eb870
Event: 24.628 Thread 0x000001f4622e83f0 Thread added: 0x000001f4622e8a80
Event: 24.628 Thread 0x000001f4622e83f0 Thread added: 0x000001f4622ea4c0
Event: 24.629 Thread 0x000001f4622e8a80 Thread added: 0x000001f4622ebf00
Event: 24.632 Thread 0x000001f4622ebf00 Thread added: 0x000001f4622e9110
Event: 24.634 Thread 0x000001f4622ea4c0 Thread added: 0x000001f4622e4f70
Event: 24.638 Thread 0x000001f4622e4f70 Thread added: 0x000001f4622e97a0
Event: 24.639 Thread 0x000001f4622e97a0 Thread added: 0x000001f4622e5c90
Event: 24.641 Thread 0x000001f4622e9110 Thread added: 0x000001f4622e6320


Dynamic libraries:
0x00007ff6a9d70000 - 0x00007ff6a9d7a000 	F:\Android\jbr\bin\java.exe
0x00007ff8f01d0000 - 0x00007ff8f03c8000 	C:\WINDOWS\SYSTEM32\ntdll.dll
0x00007ff8eeea0000 - 0x00007ff8eef62000 	C:\WINDOWS\System32\KERNEL32.DLL
0x00007ff8ede70000 - 0x00007ff8ee166000 	C:\WINDOWS\System32\KERNELBASE.dll
0x00007ff8ed920000 - 0x00007ff8eda20000 	C:\WINDOWS\System32\ucrtbase.dll
0x00007ff8e8c40000 - 0x00007ff8e8c5b000 	F:\Android\jbr\bin\VCRUNTIME140.dll
0x00007ff8e8b40000 - 0x00007ff8e8b58000 	F:\Android\jbr\bin\jli.dll
0x00007ff8eff80000 - 0x00007ff8f0121000 	C:\WINDOWS\System32\USER32.dll
0x00007ff8e1650000 - 0x00007ff8e18eb000 	C:\WINDOWS\WinSxS\amd64_microsoft.windows.common-controls_6595b64144ccf1df_6.0.19041.6456_none_60b8a6cb71f64256\COMCTL32.dll
0x00007ff8ed860000 - 0x00007ff8ed882000 	C:\WINDOWS\System32\win32u.dll
0x00007ff8ee1f0000 - 0x00007ff8ee28e000 	C:\WINDOWS\System32\msvcrt.dll
0x00007ff8eebd0000 - 0x00007ff8eebfb000 	C:\WINDOWS\System32\GDI32.dll
0x00007ff8edc70000 - 0x00007ff8edd89000 	C:\WINDOWS\System32\gdi32full.dll
0x00007ff8eda20000 - 0x00007ff8edabd000 	C:\WINDOWS\System32\msvcp_win.dll
0x00007ff8eec70000 - 0x00007ff8eec9f000 	C:\WINDOWS\System32\IMM32.DLL
0x00007ff8e8c30000 - 0x00007ff8e8c3c000 	F:\Android\jbr\bin\vcruntime140_1.dll
0x00007ff8cbcc0000 - 0x00007ff8cbd4d000 	F:\Android\jbr\bin\msvcp140.dll
0x00007ff8afba0000 - 0x00007ff8b082e000 	F:\Android\jbr\bin\server\jvm.dll
0x00007ff8ef690000 - 0x00007ff8ef741000 	C:\WINDOWS\System32\ADVAPI32.dll
0x00007ff8ef0b0000 - 0x00007ff8ef14f000 	C:\WINDOWS\System32\sechost.dll
0x00007ff8eeca0000 - 0x00007ff8eedc0000 	C:\WINDOWS\System32\RPCRT4.dll
0x00007ff8edd90000 - 0x00007ff8eddb7000 	C:\WINDOWS\System32\bcrypt.dll
0x00007ff8eec00000 - 0x00007ff8eec6b000 	C:\WINDOWS\System32\WS2_32.dll
0x00007ff8ed1a0000 - 0x00007ff8ed1eb000 	C:\WINDOWS\SYSTEM32\POWRPROF.dll
0x00007ff8e71e0000 - 0x00007ff8e71ea000 	C:\WINDOWS\SYSTEM32\VERSION.dll
0x00007ff8e0090000 - 0x00007ff8e00b7000 	C:\WINDOWS\SYSTEM32\WINMM.dll
0x00007ff8ed170000 - 0x00007ff8ed182000 	C:\WINDOWS\SYSTEM32\UMPDC.dll
0x00007ff8eb6b0000 - 0x00007ff8eb6c2000 	C:\WINDOWS\SYSTEM32\kernel.appcore.dll
0x00007ff8e8c00000 - 0x00007ff8e8c0a000 	F:\Android\jbr\bin\jimage.dll
0x00007ff8e3ce0000 - 0x00007ff8e3ee1000 	C:\WINDOWS\SYSTEM32\DBGHELP.DLL
0x00007ff8dc330000 - 0x00007ff8dc364000 	C:\WINDOWS\SYSTEM32\dbgcore.DLL
0x00007ff8ed890000 - 0x00007ff8ed912000 	C:\WINDOWS\System32\bcryptPrimitives.dll
0x00007ff8e8ae0000 - 0x00007ff8e8aee000 	F:\Android\jbr\bin\instrument.dll
0x00007ff8e8b20000 - 0x00007ff8e8b40000 	F:\Android\jbr\bin\java.dll
0x00007ff8e8b00000 - 0x00007ff8e8b18000 	F:\Android\jbr\bin\zip.dll
0x00007ff8ee290000 - 0x00007ff8eea00000 	C:\WINDOWS\System32\SHELL32.dll
0x00007ff8eb8b0000 - 0x00007ff8ec055000 	C:\WINDOWS\SYSTEM32\windows.storage.dll
0x00007ff8ef750000 - 0x00007ff8efaa4000 	C:\WINDOWS\System32\combase.dll
0x00007ff8ed140000 - 0x00007ff8ed16b000 	C:\WINDOWS\SYSTEM32\Wldp.dll
0x00007ff8ef4d0000 - 0x00007ff8ef59d000 	C:\WINDOWS\System32\OLEAUT32.dll
0x00007ff8eeff0000 - 0x00007ff8ef09d000 	C:\WINDOWS\System32\SHCORE.dll
0x00007ff8eff20000 - 0x00007ff8eff7b000 	C:\WINDOWS\System32\shlwapi.dll
0x00007ff8ed790000 - 0x00007ff8ed7b4000 	C:\WINDOWS\SYSTEM32\profapi.dll
0x00007ff8e8bf0000 - 0x00007ff8e8c00000 	F:\Android\jbr\bin\net.dll
0x00007ff8e7d30000 - 0x00007ff8e7e3a000 	C:\WINDOWS\SYSTEM32\WINHTTP.dll
0x00007ff8eceb0000 - 0x00007ff8ecf1a000 	C:\WINDOWS\system32\mswsock.dll
0x00007ff8e8980000 - 0x00007ff8e8996000 	F:\Android\jbr\bin\nio.dll
0x00007ff8e6bf0000 - 0x00007ff8e6c00000 	F:\Android\jbr\bin\verify.dll
0x00007ff8e8bc0000 - 0x00007ff8e8be7000 	C:\Users\razma\.gradle\native\1def1411415f61bf3af743bc5b6707747c0891f09f0c88961ee8f79bc544acac\windows-amd64\native-platform.dll
0x00007ff8cabb0000 - 0x00007ff8cac28000 	C:\Users\razma\.gradle\native\0.2.7\x86_64-windows-gnu\gradle-fileevents.dll
0x00007ff8e8140000 - 0x00007ff8e8149000 	F:\Android\jbr\bin\management.dll
0x00007ff8e7ea0000 - 0x00007ff8e7eab000 	F:\Android\jbr\bin\management_ext.dll
0x00007ff8eef70000 - 0x00007ff8eef78000 	C:\WINDOWS\System32\PSAPI.DLL
0x00007ff8ecbb0000 - 0x00007ff8ecbeb000 	C:\WINDOWS\SYSTEM32\IPHLPAPI.DLL
0x00007ff8ef0a0000 - 0x00007ff8ef0a8000 	C:\WINDOWS\System32\NSI.dll
0x00007ff8e8580000 - 0x00007ff8e8589000 	F:\Android\jbr\bin\extnet.dll
0x00007ff8ed1f0000 - 0x00007ff8ed208000 	C:\WINDOWS\SYSTEM32\CRYPTSP.dll
0x00007ff8ec7f0000 - 0x00007ff8ec828000 	C:\WINDOWS\system32\rsaenh.dll
0x00007ff8ed750000 - 0x00007ff8ed77e000 	C:\WINDOWS\SYSTEM32\USERENV.dll
0x00007ff8ed0b0000 - 0x00007ff8ed0bc000 	C:\WINDOWS\SYSTEM32\CRYPTBASE.dll
0x00007ff8e8af0000 - 0x00007ff8e8af7000 	C:\WINDOWS\system32\wshunix.dll

dbghelp: loaded successfully - version: 4.0.5 - missing functions: none
symbol engine: initialized successfully - sym options: 0x614 - pdb path: .;F:\Android\jbr\bin;C:\WINDOWS\SYSTEM32;C:\WINDOWS\WinSxS\amd64_microsoft.windows.common-controls_6595b64144ccf1df_6.0.19041.6456_none_60b8a6cb71f64256;F:\Android\jbr\bin\server;C:\Users\razma\.gradle\native\1def1411415f61bf3af743bc5b6707747c0891f09f0c88961ee8f79bc544acac\windows-amd64;C:\Users\razma\.gradle\native\0.2.7\x86_64-windows-gnu

VM Arguments:
jvm_args: --add-opens=java.base/java.lang=ALL-UNNAMED --add-opens=java.base/java.lang.invoke=ALL-UNNAMED --add-opens=java.base/java.util=ALL-UNNAMED --add-opens=java.prefs/java.util.prefs=ALL-UNNAMED --add-exports=jdk.compiler/com.sun.tools.javac.api=ALL-UNNAMED --add-exports=jdk.compiler/com.sun.tools.javac.util=ALL-UNNAMED --add-opens=java.base/java.util=ALL-UNNAMED --add-opens=java.prefs/java.util.prefs=ALL-UNNAMED --add-opens=java.base/java.nio.charset=ALL-UNNAMED --add-opens=java.base/java.net=ALL-UNNAMED --add-opens=java.base/java.util.concurrent.atomic=ALL-UNNAMED --add-opens=java.xml/javax.xml.namespace=ALL-UNNAMED -Xmx2048m -Dfile.encoding=UTF-8 -Duser.country=US -Duser.language=en -Duser.variant -javaagent:C:\Users\razma\.gradle\wrapper\dists\gradle-8.13-bin\5xuhj0ry160q40clulazy9h7d\gradle-8.13\lib\agents\gradle-instrumentation-agent-8.13.jar 
java_command: org.gradle.launcher.daemon.bootstrap.GradleDaemon 8.13
java_class_path (initial): C:\Users\razma\.gradle\wrapper\dists\gradle-8.13-bin\5xuhj0ry160q40clulazy9h7d\gradle-8.13\lib\gradle-daemon-main-8.13.jar
Launcher Type: SUN_STANDARD

[Global flags]
     intx CICompilerCount                          = 4                                         {product} {ergonomic}
     uint ConcGCThreads                            = 2                                         {product} {ergonomic}
     uint G1ConcRefinementThreads                  = 8                                         {product} {ergonomic}
   size_t G1HeapRegionSize                         = 1048576                                   {product} {ergonomic}
    uintx GCDrainStackTargetSize                   = 64                                        {product} {ergonomic}
   size_t InitialHeapSize                          = 402653184                                 {product} {ergonomic}
   size_t MarkStackSize                            = 4194304                                   {product} {ergonomic}
   size_t MaxHeapSize                              = 2147483648                                {product} {command line}
   size_t MaxNewSize                               = 1287651328                                {product} {ergonomic}
   size_t MinHeapDeltaBytes                        = 1048576                                   {product} {ergonomic}
   size_t MinHeapSize                              = 8388608                                   {product} {ergonomic}
    uintx NonNMethodCodeHeapSize                   = 5839372                                {pd product} {ergonomic}
    uintx NonProfiledCodeHeapSize                  = 122909434                              {pd product} {ergonomic}
    uintx ProfiledCodeHeapSize                     = 122909434                              {pd product} {ergonomic}
    uintx ReservedCodeCacheSize                    = 251658240                              {pd product} {ergonomic}
     bool SegmentedCodeCache                       = true                                      {product} {ergonomic}
   size_t SoftMaxHeapSize                          = 2147483648                             {manageable} {ergonomic}
     bool UseCompressedOops                        = true                           {product lp64_product} {ergonomic}
     bool UseG1GC                                  = true                                      {product} {ergonomic}
     bool UseLargePagesIndividualAllocation        = false                                  {pd product} {ergonomic}

Logging:
Log output configuration:
 #0: stdout all=warning uptime,level,tags foldmultilines=false
 #1: stderr all=off uptime,level,tags foldmultilines=false

Environment Variables:
JAVA_HOME=F:\java
PATH=F:\java\bin;C:\Program Files\dotnet\;C:\Program Files (x86)\Common Files\Oracle\Java\javapath;C:\ProgramData\Oracle\Java\javapath;C:\WINDOWS\system32;C:\WINDOWS;C:\WINDOWS\System32\Wbem;C:\WINDOWS\System32\WindowsPowerShell\v1.0\;C:\WINDOWS\System32\OpenSSH\;C:\Program Files\Microsoft SQL Server\130\Tools\Binn\;C:\Program Files\Microsoft SQL Server\Client SDK\ODBC\170\Tools\Binn\;D:\Freetime\TBC\Git\cmd;C:\apache-maven-3.9.8\bin;C:\Program Files (x86)\Microsoft SQL Server\160\Tools\Binn\;C:\Program Files\Microsoft SQL Server\160\Tools\Binn\;C:\Program Files\Microsoft SQL Server\160\DTS\Binn\;C:\Program Files (x86)\Microsoft SQL Server\160\DTS\Binn\;C:\Program Files\Microsoft SQL Server\150\Tools\Binn\;C:\Program Files\Docker\Docker\resources\bin;C:\Program Files (x86)\Common Files\Oracle\Java\javapath;C:\ProgramData\Oracle\Java\javapath;C:\WINDOWS\system32;C:\WINDOWS;C:\WINDOWS\System32\Wbem;C:\WINDOWS\System32\WindowsPowerShell\v1.0\;C:\WINDOWS\System32\OpenSSH\;C:\Program Files\Microsoft SQL Server\130\Tools\Binn\;C:\Program Files\Microsoft SQL Server\Client SDK\ODBC\170\Tools\Binn\;D:\Freetime\TBC\Git\cmd;C:\apache-maven-3.9.8\bin;C:\Program Files (x86)\Microsoft SQL Server\160\Tools\Binn\;C:\Program Files\Microsoft SQL Server\160\Tools\Binn\;C:\Program Files\Microsoft SQL Server\160\DTS\Binn\;C:\Program Files (x86)\Microsoft SQL Server\160\DTS\Binn\;C:\Program Files\dotnet\;C:\Users\razma\scoop\shims;C:\Ruby23-x64\bin;C:\Users\razma\AppData\Local\Microsoft\WindowsApps;C:\Users\razma\AppData\Local\GitHubDesktop\bin;C:\Users\razma\.dotnet\tools;C:\Users\razma\.dotnet\tools;C:\Program Files\dotnet;C:\Users\razma\.dotnet\tools
USERNAME=razma
OS=Windows_NT
PROCESSOR_IDENTIFIER=Intel64 Family 6 Model 60 Stepping 3, GenuineIntel
TMP=C:\Users\razma\AppData\Local\Temp
TEMP=C:\Users\razma\AppData\Local\Temp




Periodic native trim disabled

JNI global refs:
JNI global refs: 30, weak refs: 54

JNI global refs memory usage: 835, weak refs: 1465

Process memory usage:
Resident Set Size: 944084K (3% of 25057088K total physical memory with 7069508K free physical memory)

OOME stack traces (most recent first):
Classloader memory used:
Loader org.gradle.internal.classloader.VisitableURLClassLoader$InstrumentingVisitableURLClassLoader: 51587K
Loader org.gradle.internal.classloader.VisitableURLClassLoader                         : 44829K
Loader bootstrap                                                                       : 30329K
Loader java.net.URLClassLoader                                                         : 25429K
Loader org.gradle.initialization.MixInLegacyTypesClassLoader                           : 13306K
Loader jdk.internal.loader.ClassLoaders$PlatformClassLoader                            : 514K
Loader jdk.internal.reflect.DelegatingClassLoader                                      : 461K
Loader org.gradle.internal.classloader.VisitableURLClassLoader                         : 344K
Loader jdk.internal.jrtfs.JrtFileSystemProvider$JrtFsLoader                            : 270K
Loader jdk.internal.loader.ClassLoaders$AppClassLoader                                 : 237K
Loader org.gradle.groovy.scripts.internal.DefaultScriptCompilationHandler$ScriptClassLoader: 134K
Loader org.codehaus.groovy.runtime.callsite.CallSiteClassLoader                        : 27376B

Classes loaded by more than one classloader:
Class Program                                                                         : loaded 5 times (x 70B)
Class Build_gradle                                                                    : loaded 3 times (x 128B)
Class Build_gradle$1                                                                  : loaded 3 times (x 72B)
Class kotlin.text.StringsKt__StringsKt                                                : loaded 2 times (x 69B)
Class kotlin.NotImplementedError                                                      : loaded 2 times (x 80B)
Class com.google.common.base.PairwiseEquivalence                                      : loaded 2 times (x 81B)
Class com.google.common.base.Equivalence$Identity                                     : loaded 2 times (x 80B)
Class com.google.common.collect.RegularImmutableMap$KeySet                            : loaded 2 times (x 150B)
Class org.gradle.internal.classloader.FilteringClassLoader                            : loaded 2 times (x 103B)
Class jdk.internal.jimage.BasicImageReader                                            : loaded 2 times (x 93B)
Class kotlin.io.FilesKt__FileTreeWalkKt                                               : loaded 2 times (x 69B)
Class kotlin.jvm.internal.CollectionToArray                                           : loaded 2 times (x 69B)
Class kotlin.sequences.FilteringSequence$iterator$1                                   : loaded 2 times (x 77B)
Class kotlin.sequences.SequencesKt__SequenceBuilderKt                                 : loaded 2 times (x 69B)
Class kotlin.collections.CollectionsKt__ReversedViewsKt                               : loaded 2 times (x 69B)
Class com.google.common.base.CharMatcher$IsEither                                     : loaded 2 times (x 109B)
Class org.gradle.internal.classloader.ClassLoaderHierarchy                            : loaded 2 times (x 68B)
Class kotlin.jvm.internal.MutablePropertyReference1                                   : loaded 2 times (x 135B)
Class kotlin.jvm.internal.PropertyReference1Impl                                      : loaded 2 times (x 125B)
Class kotlin.SafePublicationLazyImpl$Companion                                        : loaded 2 times (x 69B)
Class com.google.common.collect.ImmutableEnumSet                                      : loaded 2 times (x 144B)
Class com.google.common.util.concurrent.ExecutionError                                : loaded 2 times (x 80B)
Class com.google.common.collect.ImmutableList$1                                       : loaded 2 times (x 95B)
Class org.gradle.api.internal.classpath.ManifestUtil                                  : loaded 2 times (x 69B)
Class kotlin.collections.builders.MapBuilder                                          : loaded 2 times (x 110B)
Class kotlin.ranges.IntProgression$Companion                                          : loaded 2 times (x 69B)
Class com.google.common.collect.RegularImmutableMap                                   : loaded 2 times (x 119B)
Class com.google.common.collect.ImmutableMap$MapViewOfValuesAsSingletonSets           : loaded 2 times (x 124B)
Class kotlin.collections.builders.ListBuilder$Itr                                     : loaded 2 times (x 92B)
Class kotlin.sequences.TransformingSequence                                           : loaded 2 times (x 73B)
Class [Lorg.objectweb.asm.Symbol;                                                     : loaded 2 times (x 67B)
Class org.objectweb.asm.ClassVisitor                                                  : loaded 2 times (x 86B)
Class com.google.common.collect.UnmodifiableListIterator                              : loaded 2 times (x 93B)
Class [Lkotlin.reflect.KClass;                                                        : loaded 2 times (x 67B)
Class com.google.common.base.Platform$JdkPatternCompiler                              : loaded 2 times (x 73B)
Class org.objectweb.asm.MethodTooLargeException                                       : loaded 2 times (x 81B)
Class [Lcom.google.common.cache.CacheBuilder$OneWeigher;                              : loaded 2 times (x 67B)
Class com.google.common.base.Suppliers                                                : loaded 2 times (x 69B)
Class org.gradle.internal.classloader.DefaultClassLoaderFactory                       : loaded 2 times (x 80B)
Class kotlin.sequences.SequencesKt___SequencesKt                                      : loaded 2 times (x 69B)
Class kotlin.collections.AbstractList$Companion                                       : loaded 2 times (x 69B)
Class org.gradle.internal.classloader.ClassLoaderVisitor                              : loaded 2 times (x 74B)
Class kotlin.sequences.SequencesKt___SequencesKt$flatMap$2                            : loaded 2 times (x 123B)
Class kotlin.io.FileTreeWalk$FileTreeWalkIterator                                     : loaded 2 times (x 81B)
Class [Lcom.google.common.collect.ImmutableMapEntry;                                  : loaded 2 times (x 67B)
Class org.gradle.api.internal.classpath.EffectiveClassPath                            : loaded 2 times (x 88B)
Class kotlin.coroutines.ContinuationInterceptor                                       : loaded 2 times (x 68B)
Class kotlin.text.StringsKt__AppendableKt                                             : loaded 2 times (x 69B)
Class [Lorg.apache.commons.io.StandardLineSeparator;                                  : loaded 2 times (x 67B)
Class org.apache.commons.io.output.StringBuilderWriter                                : loaded 2 times (x 98B)
Class com.google.common.collect.ImmutableRangeSet                                     : loaded 2 times (x 113B)
Class com.google.common.collect.ListMultimap                                          : loaded 2 times (x 68B)
Class com.google.common.collect.ImmutableEnumMap                                      : loaded 2 times (x 124B)
Class kotlin.reflect.KProperty$Accessor                                               : loaded 2 times (x 68B)
Class [Lkotlin.reflect.KCallable;                                                     : loaded 2 times (x 67B)
Class kotlin.jvm.internal.AdaptedFunctionReference                                    : loaded 2 times (x 75B)
Class com.google.common.collect.Sets$1                                                : loaded 2 times (x 137B)
Class org.objectweb.asm.AnnotationVisitor                                             : loaded 2 times (x 76B)
Class org.gradle.api.internal.DefaultClassPathProvider                                : loaded 2 times (x 74B)
Class kotlin.sequences.SequenceScope                                                  : loaded 2 times (x 71B)
Class kotlin.text.StringsKt__StringNumberConversionsJVMKt                             : loaded 2 times (x 69B)
Class kotlin.sequences.Sequence                                                       : loaded 2 times (x 68B)
Class com.google.common.collect.Sets$2                                                : loaded 2 times (x 137B)
Class [Lorg.gradle.api.internal.ClassPathProvider;                                    : loaded 2 times (x 67B)
Class org.gradle.api.internal.ClassPathProvider                                       : loaded 2 times (x 68B)
Class jdk.internal.jrtfs.SystemImage                                                  : loaded 2 times (x 72B)
Class kotlin.jvm.functions.Function20                                                 : loaded 2 times (x 68B)
Class kotlin.collections.CollectionsKt___CollectionsKt$asSequence$$inlined$Sequence$1 : loaded 2 times (x 73B)
Class [Lorg.objectweb.asm.AnnotationVisitor;                                          : loaded 2 times (x 67B)
Class com.google.common.collect.Sets$3                                                : loaded 2 times (x 137B)
Class com.google.common.util.concurrent.AbstractFuture$SafeAtomicHelper               : loaded 2 times (x 77B)
Class com.google.common.cache.LocalCache$LocalLoadingCache                            : loaded 2 times (x 132B)
Class org.gradle.internal.service.UnknownServiceException                             : loaded 2 times (x 81B)
Class kotlin.jvm.functions.Function21                                                 : loaded 2 times (x 68B)
Class com.google.common.collect.Sets$4                                                : loaded 2 times (x 137B)
Class org.objectweb.asm.ModuleVisitor                                                 : loaded 2 times (x 79B)
Class com.google.common.cache.LocalCache$Strength$1                                   : loaded 2 times (x 79B)
Class kotlin.jvm.functions.Function22                                                 : loaded 2 times (x 68B)
Class kotlin.collections.MapWithDefault                                               : loaded 2 times (x 68B)
Class kotlin.coroutines.jvm.internal.SuspendLambda                                    : loaded 2 times (x 89B)
Class kotlin.coroutines.jvm.internal.ContinuationImpl                                 : loaded 2 times (x 85B)
Class org.apache.commons.io.output.QueueOutputStream                                  : loaded 2 times (x 85B)
Class com.google.common.util.concurrent.SettableFuture                                : loaded 2 times (x 112B)
Class com.google.common.cache.LocalCache$Strength$2                                   : loaded 2 times (x 79B)
Class kotlin.reflect.KTypeParameter                                                   : loaded 2 times (x 68B)
Class kotlin.text.StringsKt__RegexExtensionsJVMKt                                     : loaded 2 times (x 69B)
Class kotlin.collections.ArraysKt___ArraysJvmKt                                       : loaded 2 times (x 69B)
Class kotlin.collections.CollectionsKt__CollectionsKt                                 : loaded 2 times (x 69B)
Class com.google.common.cache.LocalCache$Strength$3                                   : loaded 2 times (x 79B)
Class com.google.common.collect.MapDifference                                         : loaded 2 times (x 68B)
Class kotlin.text.Regex$Companion                                                     : loaded 2 times (x 69B)
Class kotlin._Assertions                                                              : loaded 2 times (x 69B)
Class org.objectweb.asm.FieldWriter                                                   : loaded 2 times (x 76B)
Class com.google.common.cache.CacheBuilder$NullListener                               : loaded 2 times (x 80B)
Class org.gradle.internal.classpath.TransformedClassPath                              : loaded 2 times (x 94B)
Class org.gradle.internal.classloader.InstrumentingClassLoader                        : loaded 2 times (x 68B)
Class jdk.internal.jrtfs.SystemImage$1                                                : loaded 2 times (x 76B)
Class kotlin.jvm.internal.FunctionReference                                           : loaded 2 times (x 120B)
Class [Lkotlin.coroutines.intrinsics.CoroutineSingletons;                             : loaded 2 times (x 67B)
Class kotlin.jvm.internal.FunctionBase                                                : loaded 2 times (x 68B)
Class kotlin.enums.EnumEntriesList                                                    : loaded 2 times (x 221B)
Class org.apache.commons.io.output.UnsynchronizedByteArrayOutputStream                : loaded 2 times (x 100B)
Class com.google.common.collect.ImmutableRangeSet$AsSet                               : loaded 2 times (x 298B)
Class com.google.common.cache.CacheLoader$FunctionToCacheLoader                       : loaded 2 times (x 73B)
Class com.google.common.collect.Iterators$ArrayItr                                    : loaded 2 times (x 95B)
Class com.google.common.collect.ImmutableCollection$Builder                           : loaded 2 times (x 74B)
Class jdk.internal.jrtfs.SystemImage$2                                                : loaded 2 times (x 74B)
Class kotlin.collections.builders.ListBuilder$Companion                               : loaded 2 times (x 69B)
Class kotlin.collections.builders.ListBuilder                                         : loaded 2 times (x 205B)
Class kotlin.collections.CollectionsKt__IteratorsJVMKt                                : loaded 2 times (x 69B)
Class org.apache.commons.io.output.ByteArrayOutputStream                              : loaded 2 times (x 100B)
Class com.google.common.base.Joiner                                                   : loaded 2 times (x 77B)
Class com.google.common.base.MoreObjects                                              : loaded 2 times (x 69B)
Class kotlin.reflect.KProperty0                                                       : loaded 2 times (x 68B)
Class kotlin.Result                                                                   : loaded 2 times (x 70B)
Class com.google.common.collect.Platform                                              : loaded 2 times (x 69B)
Class [Lorg.objectweb.asm.Type;                                                       : loaded 2 times (x 67B)
Class com.google.common.collect.UnmodifiableIterator                                  : loaded 2 times (x 78B)
Class org.gradle.internal.service.ServiceLocator                                      : loaded 2 times (x 68B)
Class jdk.internal.jrtfs.JrtFileSystemProvider                                        : loaded 2 times (x 99B)
Class kotlin.reflect.KProperty1                                                       : loaded 2 times (x 68B)
Class kotlin.reflect.KClass                                                           : loaded 2 times (x 68B)
Class kotlin.sequences.TransformingSequence$iterator$1                                : loaded 2 times (x 77B)
Class kotlin.Pair                                                                     : loaded 2 times (x 70B)
Class com.google.common.base.Ascii                                                    : loaded 2 times (x 69B)
Class com.google.common.collect.SingletonImmutableBiMap                               : loaded 2 times (x 141B)
Class com.google.common.cache.LocalCache$1                                            : loaded 2 times (x 87B)
Class com.google.common.collect.AbstractMapEntry                                      : loaded 2 times (x 79B)
Class kotlin.reflect.KProperty2                                                       : loaded 2 times (x 68B)
Class kotlin.collections.CollectionsKt__MutableCollectionsKt                          : loaded 2 times (x 69B)
Class kotlin.io.CloseableKt                                                           : loaded 2 times (x 69B)
Class com.google.common.collect.Sets$ImprovedAbstractSet                              : loaded 2 times (x 133B)
Class com.google.common.collect.ImmutableList$Builder                                 : loaded 2 times (x 75B)
Class com.google.common.collect.AbstractMultimap                                      : loaded 2 times (x 121B)
Class com.google.common.cache.LocalCache$2                                            : loaded 2 times (x 140B)
Class ijKotlinCoroutineJvmDebugInit1_8w5n9f54u1tk7tptob1rose2r$_run_closure1          : loaded 2 times (x 137B)
Class kotlin.io.TerminateException                                                    : loaded 2 times (x 80B)
Class kotlin.io.FilesKt__FilePathComponentsKt                                         : loaded 2 times (x 69B)
Class kotlin.reflect.KCallable                                                        : loaded 2 times (x 68B)
Class kotlin.coroutines.CoroutineContext$Element                                      : loaded 2 times (x 68B)
Class com.google.common.collect.ImmutableRangeSet$1                                   : loaded 2 times (x 208B)
Class com.google.common.util.concurrent.AbstractFuture$UnsafeAtomicHelper$1           : loaded 2 times (x 74B)
Class com.google.common.collect.RegularImmutableAsList                                : loaded 2 times (x 215B)
Class kotlin.collections.AbstractIterator                                             : loaded 2 times (x 81B)
Class kotlin.text.CharsKt                                                             : loaded 2 times (x 69B)
Class com.google.common.collect.Range                                                 : loaded 2 times (x 85B)
Class com.google.common.util.concurrent.AbstractFuture$Trusted                        : loaded 2 times (x 68B)
Class com.google.common.collect.Iterators                                             : loaded 2 times (x 69B)
Class jdk.internal.jimage.ImageLocation                                               : loaded 2 times (x 88B)
Class jdk.internal.jrtfs.JrtDirectoryStream$1                                         : loaded 2 times (x 81B)
Class kotlin.coroutines.ContinuationInterceptor$Key                                   : loaded 2 times (x 69B)
Class kotlin.text.DelimitedRangesSequence$iterator$1                                  : loaded 2 times (x 77B)
Class com.google.common.collect.Lists$StringAsImmutableList                           : loaded 2 times (x 205B)
Class com.google.common.util.concurrent.UncheckedExecutionException                   : loaded 2 times (x 80B)
Class org.gradle.kotlin.dsl.VersionCatalogAccessorsKt                                 : loaded 2 times (x 69B)
Class org.gradle.internal.InternalTransformer                                         : loaded 2 times (x 68B)
Class jdk.internal.jimage.ImageBufferCache$1                                          : loaded 2 times (x 81B)
Class kotlin.collections.MapsKt__MapsJVMKt                                            : loaded 2 times (x 69B)
Class kotlin.collections.EmptyList                                                    : loaded 2 times (x 172B)
Class com.google.common.collect.AbstractMapBasedMultimap$KeySet$1                     : loaded 2 times (x 80B)
Class org.objectweb.asm.ClassWriter                                                   : loaded 2 times (x 104B)
Class com.google.common.base.CharMatcher$And                                          : loaded 2 times (x 110B)
Class com.google.common.cache.CacheLoader$UnsupportedLoadingOperationException        : loaded 2 times (x 80B)
Class org.gradle.internal.classloader.ClasspathUtil$1                                 : loaded 2 times (x 74B)
Class jdk.internal.jimage.ImageBufferCache$2                                          : loaded 2 times (x 89B)
Class kotlin.collections.builders.ListBuilderKt                                       : loaded 2 times (x 69B)
Class com.google.common.base.Objects                                                  : loaded 2 times (x 69B)
Class org.objectweb.asm.FieldVisitor                                                  : loaded 2 times (x 75B)
Class com.google.common.collect.IndexedImmutableSet                                   : loaded 2 times (x 150B)
Class com.google.common.collect.ImmutableMap$1                                        : loaded 2 times (x 79B)
Class com.google.common.collect.BiMap                                                 : loaded 2 times (x 68B)
Class org.gradle.api.internal.classpath.DefaultModuleRegistry$DefaultModule           : loaded 2 times (x 84B)
Class kotlin.ResultKt                                                                 : loaded 2 times (x 69B)
Class com.google.common.primitives.Ints                                               : loaded 2 times (x 69B)
Class kotlin.coroutines.jvm.internal.CompletedContinuation                            : loaded 2 times (x 73B)
Class kotlin.Result$Failure                                                           : loaded 2 times (x 70B)
Class kotlin.collections.ArraysKt__ArraysKt                                           : loaded 2 times (x 69B)
Class com.google.common.collect.ObjectArrays                                          : loaded 2 times (x 69B)
Class com.google.common.collect.Multiset                                              : loaded 2 times (x 68B)
Class com.google.common.collect.ArrayListMultimapGwtSerializationDependencies         : loaded 2 times (x 170B)
Class com.google.common.collect.AbstractIndexedListIterator                           : loaded 2 times (x 94B)
Class com.google.common.math.MathPreconditions                                        : loaded 2 times (x 69B)
Class kotlin.collections.SetsKt__SetsJVMKt                                            : loaded 2 times (x 69B)
Class kotlin.Function                                                                 : loaded 2 times (x 68B)
Class org.apache.commons.io.output.NullOutputStream                                   : loaded 2 times (x 83B)
Class com.google.common.collect.ImmutableMapEntrySet                                  : loaded 2 times (x 150B)
Class org.gradle.api.internal.classpath.Module                                        : loaded 2 times (x 68B)
Class kotlin.reflect.KMutableProperty                                                 : loaded 2 times (x 68B)
Class kotlin.io.FileAlreadyExistsException                                            : loaded 2 times (x 80B)
Class kotlin.internal.ProgressionUtilKt                                               : loaded 2 times (x 69B)
Class com.google.common.cache.Weigher                                                 : loaded 2 times (x 68B)
Class org.gradle.api.internal.classpath.UnknownModuleException                        : loaded 2 times (x 80B)
Class jdk.internal.jimage.ImageHeader                                                 : loaded 2 times (x 69B)
Class kotlin.jvm.internal.PropertyReference                                           : loaded 2 times (x 113B)
Class com.google.common.base.Stopwatch                                                : loaded 2 times (x 70B)
Class com.google.common.cache.LocalCache$Strength                                     : loaded 2 times (x 79B)
Class com.google.common.cache.Cache                                                   : loaded 2 times (x 68B)
Class com.google.common.util.concurrent.AbstractFuture$Cancellation                   : loaded 2 times (x 70B)
Class com.google.common.collect.ImmutableMap$Builder                                  : loaded 2 times (x 80B)
Class [Lkotlin.reflect.KAnnotatedElement;                                             : loaded 2 times (x 67B)
Class com.google.common.cache.RemovalListener                                         : loaded 2 times (x 68B)
Class ijJvmDebugger1_1x4w4vgy7k0wx85nxa2rx6hj0$_run_closure1$_closure2                : loaded 2 times (x 138B)
Class org.gradle.api.internal.DefaultClassPathRegistry                                : loaded 2 times (x 74B)
Class kotlin.jvm.internal.Reflection                                                  : loaded 2 times (x 69B)
Class kotlin.reflect.KProperty                                                        : loaded 2 times (x 68B)
Class kotlin.ranges.ClosedRange                                                       : loaded 2 times (x 68B)
Class com.google.common.primitives.IntsMethodsForWeb                                  : loaded 2 times (x 69B)
Class com.google.common.collect.Multimap                                              : loaded 2 times (x 68B)
Class org.gradle.api.internal.ClassPathRegistry                                       : loaded 2 times (x 68B)
Class org.gradle.internal.classpath.DefaultClassPath$ImmutableUniqueList              : loaded 2 times (x 197B)
Class kotlin.collections.IntIterator                                                  : loaded 2 times (x 80B)
Class kotlin.text.StringsKt__StringsJVMKt                                             : loaded 2 times (x 69B)
Class com.google.common.base.ExtraObjectsMethodsForWeb                                : loaded 2 times (x 69B)
Class org.apache.commons.io.IOUtils                                                   : loaded 2 times (x 69B)
Class kotlin.text.StringsKt__IndentKt                                                 : loaded 2 times (x 69B)
Class kotlin.collections.SetsKt                                                       : loaded 2 times (x 69B)
Class kotlin.sequences.DropTakeSequence                                               : loaded 2 times (x 68B)
Class com.google.common.cache.CacheBuilder                                            : loaded 2 times (x 70B)
Class com.google.common.collect.SingletonImmutableList                                : loaded 2 times (x 205B)
Class Settings_gradle$1                                                               : loaded 2 times (x 72B)
Class org.gradle.internal.classpath.ClassPath                                         : loaded 2 times (x 68B)
Class org.gradle.api.UncheckedIOException                                             : loaded 2 times (x 80B)
Class kotlin.reflect.KFunction                                                        : loaded 2 times (x 68B)
Class com.google.common.base.JdkPattern                                               : loaded 2 times (x 73B)
Class com.google.common.collect.ImmutableList$ReverseImmutableList                    : loaded 2 times (x 207B)
Class [Lkotlin.reflect.KDeclarationContainer;                                         : loaded 2 times (x 67B)
Class kotlin.jvm.internal.Lambda                                                      : loaded 2 times (x 73B)
Class kotlin.collections.MapsKt__MapsKt                                               : loaded 2 times (x 69B)
Class org.objectweb.asm.SymbolTable$Entry                                             : loaded 2 times (x 72B)
Class com.google.common.util.concurrent.AbstractFuture$AtomicHelper                   : loaded 2 times (x 76B)
Class jdk.internal.jimage.ImageStringsReader                                          : loaded 2 times (x 78B)
Class org.objectweb.asm.Edge                                                          : loaded 2 times (x 70B)
Class com.google.common.base.Suppliers$SupplierOfInstance                             : loaded 2 times (x 77B)
Class com.google.common.collect.Iterators$1                                           : loaded 2 times (x 79B)
Class ijKotlinCoroutineJvmDebugInit1_8w5n9f54u1tk7tptob1rose2r                        : loaded 2 times (x 177B)
Class kotlin.collections.AbstractMutableSet                                           : loaded 2 times (x 140B)
Class com.google.devtools.ksp.processing.KSPJvmConfig                                 : loaded 2 times (x 70B)
Class kotlin.UninitializedPropertyAccessException                                     : loaded 2 times (x 80B)
Class com.google.common.cache.LocalCache$ComputingValueReference                      : loaded 2 times (x 94B)
Class com.google.common.collect.SingletonImmutableSet                                 : loaded 2 times (x 144B)
Class com.google.common.collect.ImmutableMap$IteratorBasedImmutableMap                : loaded 2 times (x 124B)
Class jdk.internal.jimage.ImageReader                                                 : loaded 2 times (x 73B)
Class kotlin.reflect.KProperty$Getter                                                 : loaded 2 times (x 68B)
Class com.google.common.cache.LocalCache$Segment                                      : loaded 2 times (x 152B)
Class jdk.internal.jimage.ImageReader$SharedImageReader                               : loaded 2 times (x 93B)
Class kotlin.SafePublicationLazyImpl                                                  : loaded 2 times (x 74B)
Class com.google.common.collect.SortedIterable                                        : loaded 2 times (x 68B)
Class com.google.common.collect.AbstractListMultimap                                  : loaded 2 times (x 170B)
Class [Lorg.objectweb.asm.SymbolTable$Entry;                                          : loaded 2 times (x 67B)
Class com.google.common.cache.CacheLoader                                             : loaded 2 times (x 72B)
Class com.google.common.collect.Iterators$4                                           : loaded 2 times (x 80B)
Class com.google.common.collect.ImmutableBiMap                                        : loaded 2 times (x 141B)
Class org.gradle.internal.installation.GradleInstallation$1                           : loaded 2 times (x 73B)
Class org.gradle.api.internal.classpath.ModuleRegistry                                : loaded 2 times (x 68B)
Class com.google.devtools.ksp.processing.KSPLogger                                    : loaded 2 times (x 68B)
Class org.apache.commons.io.output.NullWriter                                         : loaded 2 times (x 97B)
Class com.google.common.util.concurrent.internal.InternalFutureFailureAccess          : loaded 2 times (x 70B)
Class com.google.common.collect.Iterators$5                                           : loaded 2 times (x 80B)
Class com.google.common.collect.ImmutableSet$JdkBackedSetBuilderImpl                  : loaded 2 times (x 74B)
Class kotlin.coroutines.intrinsics.IntrinsicsKt__IntrinsicsKt                         : loaded 2 times (x 69B)
Class com.google.common.util.concurrent.AbstractFuture$UnsafeAtomicHelper             : loaded 2 times (x 76B)
Class com.google.common.base.CharMatcher$ForPredicate                                 : loaded 2 times (x 110B)
Class com.google.common.cache.LocalCache$LocalManualCache$1                           : loaded 2 times (x 73B)
Class jdk.internal.jimage.ImageReader$Node                                            : loaded 2 times (x 82B)
Class kotlin.io.FilesKt__UtilsKt                                                      : loaded 2 times (x 69B)
Class kotlin.collections.CollectionsKt__CollectionsJVMKt                              : loaded 2 times (x 69B)
Class com.google.common.base.CharMatcher$AnyOf                                        : loaded 2 times (x 110B)
Class com.google.common.collect.ImmutableCollection                                   : loaded 2 times (x 123B)
Class org.gradle.api.internal.classpath.DefaultModuleRegistry                         : loaded 2 times (x 84B)
Class jdk.internal.jimage.BasicImageReader$1                                          : loaded 2 times (x 75B)
Class kotlin.collections.builders.MapBuilder$Itr                                      : loaded 2 times (x 70B)
Class kotlin.sequences.SequencesKt                                                    : loaded 2 times (x 69B)
Class kotlin.collections.CollectionsKt__IteratorsKt                                   : loaded 2 times (x 69B)
Class com.google.common.collect.Lists                                                 : loaded 2 times (x 69B)
Class com.google.common.util.concurrent.ListenableFuture                              : loaded 2 times (x 68B)
Class com.google.common.cache.ReferenceEntry                                          : loaded 2 times (x 68B)
Class com.google.common.base.Converter                                                : loaded 2 times (x 88B)
Class com.google.common.collect.ImmutableSet$CachingAsList                            : loaded 2 times (x 146B)
Class kotlin.jvm.internal.markers.KMutableSet                                         : loaded 2 times (x 68B)
Class kotlin.text.StringsKt                                                           : loaded 2 times (x 69B)
Class com.google.common.collect.AbstractMapBasedMultimap                              : loaded 2 times (x 137B)
Class com.google.common.util.concurrent.AbstractFuture                                : loaded 2 times (x 104B)
Class com.google.common.base.FunctionalEquivalence                                    : loaded 2 times (x 81B)
Class com.google.common.collect.Iterators$9                                           : loaded 2 times (x 79B)
Class com.google.common.collect.ImmutableAsList                                       : loaded 2 times (x 207B)
Class kotlin.coroutines.jvm.internal.RestrictedContinuationImpl                       : loaded 2 times (x 85B)
Class kotlin.coroutines.CoroutineContext$Key                                          : loaded 2 times (x 68B)
Class kotlin.LazyKt__LazyJVMKt                                                        : loaded 2 times (x 69B)
Class org.objectweb.asm.RecordComponentVisitor                                        : loaded 2 times (x 75B)
Class com.google.common.cache.CacheLoader$SupplierToCacheLoader                       : loaded 2 times (x 73B)
Class jdk.internal.jimage.decompressor.Decompressor                                   : loaded 2 times (x 70B)
Class jdk.internal.jimage.ImageReader$Resource                                        : loaded 2 times (x 82B)
Class [Lkotlin.Pair;                                                                  : loaded 2 times (x 67B)
Class kotlin.jvm.internal.markers.KMutableList                                        : loaded 2 times (x 68B)
Class kotlin.io.FilesKt__FileReadWriteKt                                              : loaded 2 times (x 69B)
Class kotlin.text.StringsKt__StringNumberConversionsKt                                : loaded 2 times (x 69B)
Class com.google.common.collect.Maps$EntryTransformer                                 : loaded 2 times (x 68B)
Class org.gradle.internal.service.ServiceLookupException                              : loaded 2 times (x 80B)
Class jdk.internal.jrtfs.JrtFileAttributes                                            : loaded 2 times (x 81B)
Class kotlin.jvm.internal.MutablePropertyReference1Impl                               : loaded 2 times (x 135B)
Class com.google.common.collect.ImmutableSortedSet                                    : loaded 2 times (x 298B)
Class [Lcom.google.common.cache.LocalCache$EntryFactory;                              : loaded 2 times (x 67B)
Class org.gradle.internal.classloader.ClassLoaderFactory                              : loaded 2 times (x 68B)
Class org.apache.commons.io.CloseableURLConnection                                    : loaded 2 times (x 114B)
Class com.google.common.base.CommonPattern                                            : loaded 2 times (x 72B)
Class com.google.common.base.CharMatcher$IsNot                                        : loaded 2 times (x 109B)
Class com.google.common.cache.LocalCache$LocalManualCache                             : loaded 2 times (x 97B)
Class org.gradle.internal.service.CachingServiceLocator                               : loaded 2 times (x 80B)
Class kotlin.jvm.internal.CallableReference                                           : loaded 2 times (x 104B)
Class kotlin.collections.AbstractList$IteratorImpl                                    : loaded 2 times (x 80B)
Class com.google.common.collect.AbstractMapBasedMultimap$KeySet                       : loaded 2 times (x 135B)
Class com.google.common.collect.RegularImmutableSortedSet                             : loaded 2 times (x 298B)
Class com.google.common.math.IntMath                                                  : loaded 2 times (x 69B)
Class kotlin.properties.ReadOnlyProperty                                              : loaded 2 times (x 68B)
Class kotlin.jvm.internal.markers.KMutableMap                                         : loaded 2 times (x 68B)
Class kotlin.ranges.IntRange                                                          : loaded 2 times (x 91B)
Class com.google.common.collect.ImmutableMapEntry                                     : loaded 2 times (x 83B)
Class kotlin.enums.EnumEntries                                                        : loaded 2 times (x 68B)
Class com.google.common.base.Equivalence                                              : loaded 2 times (x 80B)
Class com.google.common.base.Function                                                 : loaded 2 times (x 68B)
Class com.google.common.collect.ImmutableMapEntry$NonTerminalImmutableMapEntry        : loaded 2 times (x 83B)
Class kotlin.jvm.internal.markers.KMutableListIterator                                : loaded 2 times (x 68B)
Class org.apache.commons.io.output.AbstractByteArrayOutputStream                      : loaded 2 times (x 100B)
Class com.google.common.collect.IndexedImmutableSet$1                                 : loaded 2 times (x 211B)
Class com.google.common.cache.CacheBuilder$OneWeigher                                 : loaded 2 times (x 80B)
Class com.google.common.collect.RegularImmutableList                                  : loaded 2 times (x 211B)
Class jdk.internal.jimage.ImageBufferCache                                            : loaded 2 times (x 69B)
Class jdk.internal.jrtfs.JrtPath                                                      : loaded 2 times (x 116B)
Class org.gradle.internal.classloader.ClasspathUtil                                   : loaded 2 times (x 69B)
Class kotlin.jvm.internal.PropertyReference0                                          : loaded 2 times (x 125B)
Class kotlin.sequences.EmptySequence                                                  : loaded 2 times (x 76B)
Class kotlin.io.FileSystemException                                                   : loaded 2 times (x 80B)
Class com.google.common.base.Charsets                                                 : loaded 2 times (x 69B)
Class com.google.common.util.concurrent.Uninterruptibles                              : loaded 2 times (x 69B)
Class kotlin.jvm.internal.PropertyReference1                                          : loaded 2 times (x 125B)
Class com.google.common.collect.Maps                                                  : loaded 2 times (x 69B)
Class org.gradle.api.specs.Spec                                                       : loaded 2 times (x 68B)
Class jdk.internal.jimage.ImageReader$SharedImageReader$LocationVisitor               : loaded 2 times (x 68B)
Class kotlin.jvm.internal.MutablePropertyReference                                    : loaded 2 times (x 117B)
Class kotlin.UnsafeLazyImpl                                                           : loaded 2 times (x 74B)
Class kotlin.LazyKt__LazyJVMKt$WhenMappings                                           : loaded 2 times (x 69B)
Class [Lcom.google.common.collect.ImmutableEntry;                                     : loaded 2 times (x 67B)
Class kotlin.LazyThreadSafetyMode                                                     : loaded 2 times (x 77B)
Class com.google.common.cache.LocalCache$LoadingValueReference                        : loaded 2 times (x 94B)
Class kotlin.collections.EmptyIterator                                                : loaded 2 times (x 87B)
Class kotlin.text.StringsKt__RegexExtensionsKt                                        : loaded 2 times (x 69B)
Class kotlin.SynchronizedLazyImpl                                                     : loaded 2 times (x 74B)
Class com.google.common.collect.AbstractIterator                                      : loaded 2 times (x 80B)
Class com.google.common.base.Platform                                                 : loaded 2 times (x 69B)
Class jdk.internal.jimage.ImageReader$Directory                                       : loaded 2 times (x 82B)
Class kotlin.coroutines.jvm.internal.RestrictedSuspendLambda                          : loaded 2 times (x 89B)
Class kotlin.sequences.SequencesKt__SequencesJVMKt                                    : loaded 2 times (x 69B)
Class kotlin.collections.AbstractList                                                 : loaded 2 times (x 195B)
Class kotlin.collections.AbstractCollection                                           : loaded 2 times (x 115B)
Class com.google.devtools.ksp.processing.KspGradleLogger$Companion                    : loaded 2 times (x 69B)
Class [Lorg.objectweb.asm.AnnotationWriter;                                           : loaded 2 times (x 67B)
Class com.google.common.collect.Maps$8                                                : loaded 2 times (x 80B)
Class kotlin.text.Regex                                                               : loaded 2 times (x 70B)
Class kotlin.sequences.SequencesKt__SequenceBuilderKt$sequence$$inlined$Sequence$1    : loaded 2 times (x 73B)
Class kotlin.text.StringsKt__StringBuilderJVMKt                                       : loaded 2 times (x 69B)
Class kotlin.collections.ArrayAsCollection                                            : loaded 2 times (x 103B)
Class kotlin.LazyKt__LazyKt                                                           : loaded 2 times (x 69B)
Class com.google.common.collect.ImmutableRangeSet$Builder                             : loaded 2 times (x 75B)
Class com.google.common.collect.Sets$SetView                                          : loaded 2 times (x 136B)
Class com.google.common.cache.LocalCache$StrongValueReference                         : loaded 2 times (x 88B)
Class com.google.common.util.concurrent.AbstractFuture$SynchronizedHelper             : loaded 2 times (x 76B)
Class ijJvmDebugger1_1x4w4vgy7k0wx85nxa2rx6hj0$_run_closure1                          : loaded 2 times (x 137B)
Class kotlin.jvm.internal.Ref$ObjectRef                                               : loaded 2 times (x 70B)
Class kotlin.jvm.internal.ReflectionFactory                                           : loaded 2 times (x 89B)
Class kotlin.UNINITIALIZED_VALUE                                                      : loaded 2 times (x 69B)
Class org.objectweb.asm.Type                                                          : loaded 2 times (x 70B)
Class org.gradle.internal.classloader.VisitableURLClassLoader$InstrumentingVisitableURLClassLoader: loaded 2 times (x 121B)
Class kotlin.jvm.internal.ClassBasedDeclarationContainer                              : loaded 2 times (x 68B)
Class kotlin.coroutines.CoroutineContext$Element$DefaultImpls                         : loaded 2 times (x 69B)
Class kotlin.coroutines.Continuation                                                  : loaded 2 times (x 68B)
Class kotlin.ranges.RangesKt__RangesKt                                                : loaded 2 times (x 69B)
Class kotlin.sequences.SequencesKt__SequencesKt                                       : loaded 2 times (x 69B)
Class kotlin.collections.SetsKt___SetsKt                                              : loaded 2 times (x 69B)
Class org.objectweb.asm.ByteVector                                                    : loaded 2 times (x 77B)
Class [Lcom.google.common.cache.CacheBuilder$NullListener;                            : loaded 2 times (x 67B)
Class com.google.common.math.IntMath$1                                                : loaded 2 times (x 69B)
Class org.gradle.internal.classloader.VisitableURLClassLoader$Spec                    : loaded 2 times (x 72B)
Class org.gradle.internal.classpath.DefaultClassPath                                  : loaded 2 times (x 88B)
Class kotlin.Result$Companion                                                         : loaded 2 times (x 69B)
Class kotlin.coroutines.jvm.internal.BaseContinuationImpl                             : loaded 2 times (x 85B)
Class kotlin.text.CharsKt__CharJVMKt                                                  : loaded 2 times (x 69B)
Class kotlin.sequences.FilteringSequence                                              : loaded 2 times (x 73B)
Class com.google.devtools.ksp.processing.KspGradleLogger                              : loaded 2 times (x 77B)
Class org.objectweb.asm.Symbol                                                        : loaded 2 times (x 71B)
Class kotlin.reflect.KType                                                            : loaded 2 times (x 68B)
Class com.google.common.io.Closer                                                     : loaded 2 times (x 76B)
Class com.google.common.base.CharMatcher$Ascii                                        : loaded 2 times (x 110B)
Class com.google.common.base.CharMatcher$BitSetMatcher                                : loaded 2 times (x 110B)
Class com.google.common.collect.ImmutableSet                                          : loaded 2 times (x 143B)
Class com.google.common.collect.RegularImmutableMap$Values                            : loaded 2 times (x 205B)
Class org.gradle.internal.classloader.ClassLoaderSpec                                 : loaded 2 times (x 69B)
Class kotlin.jvm.internal.FunctionReferenceImpl                                       : loaded 2 times (x 120B)
Class kotlin.text.DelimitedRangesSequence                                             : loaded 2 times (x 73B)
Class kotlin.collections.CollectionsKt___CollectionsJvmKt                             : loaded 2 times (x 69B)
Class org.objectweb.asm.AnnotationWriter                                              : loaded 2 times (x 77B)
Class com.google.common.cache.CacheStats                                              : loaded 2 times (x 69B)
Class kotlin.TuplesKt                                                                 : loaded 2 times (x 69B)
Class kotlin.jvm.internal.markers.KMutableIterable                                    : loaded 2 times (x 68B)
Class kotlin.sequences.SequencesKt___SequencesJvmKt                                   : loaded 2 times (x 69B)
Class kotlin.Unit                                                                     : loaded 2 times (x 69B)
Class com.google.common.io.Closer$Suppressor                                          : loaded 2 times (x 68B)
Class org.objectweb.asm.RecordComponentWriter                                         : loaded 2 times (x 76B)
Class com.google.common.util.concurrent.AbstractFuture$Listener                       : loaded 2 times (x 70B)
Class com.google.common.base.CharMatcher$Or                                           : loaded 2 times (x 110B)
Class Settings_gradle$1$1                                                             : loaded 2 times (x 72B)
Class kotlin.ranges.RangesKt                                                          : loaded 2 times (x 69B)
Class org.objectweb.asm.Attribute                                                     : loaded 2 times (x 75B)
Class com.google.common.base.Supplier                                                 : loaded 2 times (x 68B)
Class org.gradle.internal.classloader.VisitableURLClassLoader                         : loaded 2 times (x 115B)
Class kotlin.sequences.FlatteningSequence$iterator$1                                  : loaded 2 times (x 77B)
Class kotlin.collections.ArraysUtilJVM                                                : loaded 2 times (x 69B)
Class kotlin.jvm.functions.Function0                                                  : loaded 2 times (x 68B)
Class com.google.common.util.concurrent.AbstractFuture$Waiter                         : loaded 2 times (x 70B)
Class Settings_gradle                                                                 : loaded 2 times (x 126B)
Class org.gradle.internal.Cast                                                        : loaded 2 times (x 69B)
Class org.gradle.api.Action                                                           : loaded 2 times (x 68B)
Class kotlin.collections.AbstractMutableList                                          : loaded 2 times (x 204B)
Class kotlin.jvm.functions.Function1                                                  : loaded 2 times (x 68B)
Class com.google.common.base.Strings                                                  : loaded 2 times (x 69B)
Class com.google.common.collect.Sets                                                  : loaded 2 times (x 69B)
Class org.objectweb.asm.Handler                                                       : loaded 2 times (x 70B)
Class com.google.common.base.CharMatcher$FastMatcher                                  : loaded 2 times (x 109B)
Class com.google.common.base.Ticker                                                   : loaded 2 times (x 70B)
Class kotlin.jvm.internal.markers.KMutableIterator                                    : loaded 2 times (x 68B)
Class kotlin.jvm.functions.Function2                                                  : loaded 2 times (x 68B)
Class kotlin.KotlinNothingValueException                                              : loaded 2 times (x 80B)
Class com.google.devtools.ksp.processing.KSPConfig                                    : loaded 2 times (x 70B)
Class [Lcom.google.common.cache.LocalCache$Segment;                                   : loaded 2 times (x 67B)
Class com.google.common.base.Predicate                                                : loaded 2 times (x 68B)
Class [Lcom.google.common.cache.LocalCache$Strength;                                  : loaded 2 times (x 67B)
Class com.google.common.cache.CacheBuilder$1                                          : loaded 2 times (x 83B)
Class com.google.common.collect.ImmutableMap                                          : loaded 2 times (x 118B)
Class org.gradle.internal.classpath.DefaultClassPath$ImmutableUniqueList$Builder      : loaded 2 times (x 73B)
Class kotlin.jvm.functions.Function3                                                  : loaded 2 times (x 68B)
Class kotlin.io.FileTreeWalk$WalkState                                                : loaded 2 times (x 71B)
Class kotlin.collections.MapsKt___MapsJvmKt                                           : loaded 2 times (x 69B)
Class com.google.common.collect.AbstractRangeSet                                      : loaded 2 times (x 112B)
Class com.google.common.base.CharMatcher$NegatedFastMatcher                           : loaded 2 times (x 111B)
Class com.google.common.cache.LocalCache                                              : loaded 2 times (x 185B)
Class com.google.common.cache.CacheBuilder$2                                          : loaded 2 times (x 77B)
Class kotlin.jvm.functions.Function4                                                  : loaded 2 times (x 68B)
Class kotlin.collections.EmptySet                                                     : loaded 2 times (x 120B)
Class kotlin.collections.CollectionsKt___CollectionsKt                                : loaded 2 times (x 69B)
Class com.google.common.collect.ArrayListMultimap                                     : loaded 2 times (x 170B)
Class com.google.common.cache.CacheBuilder$3                                          : loaded 2 times (x 70B)
Class [Lcom.google.common.collect.AbstractMapEntry;                                   : loaded 2 times (x 67B)
Class com.google.common.collect.ImmutableEntry                                        : loaded 2 times (x 80B)
Class org.gradle.api.GradleException                                                  : loaded 2 times (x 80B)
Class jdk.internal.jimage.ImageStrings                                                : loaded 2 times (x 68B)
Class kotlin.jvm.functions.Function5                                                  : loaded 2 times (x 68B)
Class kotlin.reflect.KDeclarationContainer                                            : loaded 2 times (x 68B)
Class kotlin.text.StringsKt___StringsJvmKt                                            : loaded 2 times (x 69B)
Class org.apache.commons.io.StandardLineSeparator                                     : loaded 2 times (x 77B)
Class com.google.common.collect.CollectPreconditions                                  : loaded 2 times (x 69B)
Class kotlin.jvm.functions.Function6                                                  : loaded 2 times (x 68B)
Class kotlin.io.FilesKt                                                               : loaded 2 times (x 69B)
Class kotlin.collections.ArraysKt___ArraysKt                                          : loaded 2 times (x 69B)
Class kotlin.collections.MapsKt___MapsKt                                              : loaded 2 times (x 69B)
Class com.google.common.collect.SortedMapDifference                                   : loaded 2 times (x 68B)
Class kotlin.jvm.functions.Function7                                                  : loaded 2 times (x 68B)
Class kotlin.sequences.SequencesKt___SequencesKt$asIterable$$inlined$Iterable$1       : loaded 2 times (x 77B)
Class kotlin.collections.MapsKt__MapWithDefaultKt                                     : loaded 2 times (x 69B)
Class com.google.common.cache.LocalCache$EntryFactory                                 : loaded 2 times (x 81B)
Class kotlin.jvm.functions.Function8                                                  : loaded 2 times (x 68B)
Class kotlin.collections.builders.MapBuilder$Companion                                : loaded 2 times (x 69B)
Class kotlin.text.StringsKt___StringsKt                                               : loaded 2 times (x 69B)
Class kotlin.collections.CollectionsKt__MutableCollectionsJVMKt                       : loaded 2 times (x 69B)
Class kotlin.enums.EnumEntriesKt                                                      : loaded 2 times (x 69B)
Class com.google.common.cache.LocalCache$AbstractReferenceEntry                       : loaded 2 times (x 105B)
Class org.gradle.internal.IoActions                                                   : loaded 2 times (x 69B)
Class kotlin.jvm.functions.Function10                                                 : loaded 2 times (x 68B)
Class kotlin.jvm.functions.Function9                                                  : loaded 2 times (x 68B)
Class [Lkotlin.reflect.KClassifier;                                                   : loaded 2 times (x 67B)
Class [Lkotlin.LazyThreadSafetyMode;                                                  : loaded 2 times (x 67B)
Class com.google.common.collect.ImmutableRangeSet$ComplementRanges                    : loaded 2 times (x 205B)
Class org.objectweb.asm.SymbolTable                                                   : loaded 2 times (x 70B)
Class com.google.common.cache.CacheLoader$InvalidCacheLoadException                   : loaded 2 times (x 80B)
Class com.google.common.collect.ImmutableSet$RegularSetBuilderImpl                    : loaded 2 times (x 75B)
Class org.gradle.internal.classloader.SystemClassLoaderSpec                           : loaded 2 times (x 69B)
Class kotlin.jvm.functions.Function11                                                 : loaded 2 times (x 68B)
Class kotlin.jvm.internal.PropertyReference0Impl                                      : loaded 2 times (x 125B)
Class kotlin.reflect.KAnnotatedElement                                                : loaded 2 times (x 68B)
Class kotlin.jvm.internal.markers.KMutableCollection                                  : loaded 2 times (x 68B)
Class kotlin.coroutines.intrinsics.IntrinsicsKt                                       : loaded 2 times (x 69B)
Class kotlin.ranges.IntRange$Companion                                                : loaded 2 times (x 69B)
Class kotlin.collections.EmptyMap                                                     : loaded 2 times (x 106B)
Class kotlin.jvm.internal.Intrinsics                                                  : loaded 2 times (x 69B)
Class com.google.common.cache.LocalCache$StrongEntry                                  : loaded 2 times (x 106B)
Class com.google.common.util.concurrent.AbstractFuture$TrustedFuture                  : loaded 2 times (x 112B)
Class com.google.common.cache.LoadingCache                                            : loaded 2 times (x 68B)
Class jdk.internal.jrtfs.JrtFileSystem                                                : loaded 2 times (x 100B)
Class kotlin.jvm.functions.Function12                                                 : loaded 2 times (x 68B)
Class kotlin.coroutines.intrinsics.CoroutineSingletons                                : loaded 2 times (x 77B)
Class kotlin.collections.MapsKt                                                       : loaded 2 times (x 69B)
Class kotlin.collections.CollectionsKt__IterablesKt                                   : loaded 2 times (x 69B)
Class org.objectweb.asm.MethodWriter                                                  : loaded 2 times (x 104B)
Class [Lcom.google.common.cache.Weigher;                                              : loaded 2 times (x 67B)
Class com.google.common.collect.RegularImmutableMap$BucketOverflowException           : loaded 2 times (x 80B)
Class kotlin.jvm.functions.Function13                                                 : loaded 2 times (x 68B)
Class kotlin.sequences.SequenceBuilderIterator                                        : loaded 2 times (x 83B)
Class kotlin.ranges.OpenEndRange                                                      : loaded 2 times (x 68B)
Class kotlin.KotlinNullPointerException                                               : loaded 2 times (x 81B)
Class kotlin.jvm.functions.Function14                                                 : loaded 2 times (x 68B)
Class kotlin.ranges.RangesKt___RangesKt                                               : loaded 2 times (x 69B)
Class com.google.common.collect.RegularImmutableBiMap                                 : loaded 2 times (x 147B)
Class com.google.common.base.CharMatcher$Negated                                      : loaded 2 times (x 111B)
Class com.google.common.base.CharMatcher$Is                                           : loaded 2 times (x 109B)
Class com.google.common.cache.LocalCache$ValueReference                               : loaded 2 times (x 68B)
Class kotlin.jvm.functions.Function15                                                 : loaded 2 times (x 68B)
Class kotlin.text.CharsKt__CharKt                                                     : loaded 2 times (x 69B)
Class kotlin.collections.ArraysKt                                                     : loaded 2 times (x 69B)
Class com.google.common.base.PatternCompiler                                          : loaded 2 times (x 68B)
Class com.google.common.util.concurrent.AbstractFuture$Failure                        : loaded 2 times (x 70B)
Class com.google.common.base.Equivalence$Equals                                       : loaded 2 times (x 80B)
Class com.google.common.collect.Hashing                                               : loaded 2 times (x 69B)
Class com.google.common.base.Preconditions                                            : loaded 2 times (x 69B)
Class kotlin.jvm.functions.Function16                                                 : loaded 2 times (x 68B)
Class kotlin.coroutines.EmptyCoroutineContext                                         : loaded 2 times (x 75B)
Class kotlin.collections.SetsKt__SetsKt                                               : loaded 2 times (x 69B)
Class kotlin.LazyKt                                                                   : loaded 2 times (x 69B)
Class com.google.common.base.Joiner$1                                                 : loaded 2 times (x 78B)
Class org.objectweb.asm.Label                                                         : loaded 2 times (x 71B)
Class org.objectweb.asm.CurrentFrame                                                  : loaded 2 times (x 71B)
Class org.objectweb.asm.ClassTooLargeException                                        : loaded 2 times (x 81B)
Class com.google.common.base.CharMatcher                                              : loaded 2 times (x 109B)
Class com.google.common.collect.PeekingIterator                                       : loaded 2 times (x 68B)
Class kotlin.jvm.functions.Function17                                                 : loaded 2 times (x 68B)
Class kotlin.collections.ArraysKt__ArraysJVMKt                                        : loaded 2 times (x 69B)
Class com.google.common.collect.Maps$IteratorBasedAbstractMap                         : loaded 2 times (x 123B)
Class com.google.common.collect.RangeGwtSerializationDependencies                     : loaded 2 times (x 69B)
Class com.google.common.base.Joiner$2                                                 : loaded 2 times (x 77B)
Class org.objectweb.asm.Frame                                                         : loaded 2 times (x 71B)
Class org.objectweb.asm.MethodVisitor                                                 : loaded 2 times (x 103B)
Class com.google.common.base.CharMatcher$NamedFastMatcher                             : loaded 2 times (x 110B)
Class com.google.common.base.CharMatcher$1                                            : loaded 2 times (x 111B)
Class com.google.common.cache.LocalCache$EntryFactory$1                               : loaded 2 times (x 81B)
Class [Lcom.google.common.cache.RemovalListener;                                      : loaded 2 times (x 67B)
Class kotlin.jvm.functions.Function18                                                 : loaded 2 times (x 68B)
Class kotlin.jvm.internal.CallableReference$NoReceiver                                : loaded 2 times (x 69B)
Class kotlin.text.StringsKt__StringBuilderKt                                          : loaded 2 times (x 69B)
Class com.google.common.collect.RangeSet                                              : loaded 2 times (x 68B)
Class com.google.common.cache.LocalCache$EntryFactory$2                               : loaded 2 times (x 81B)
Class org.gradle.api.internal.classpath.GlobalCacheRootsProvider                      : loaded 2 times (x 68B)
Class kotlin.reflect.KMutableProperty$Setter                                          : loaded 2 times (x 68B)
Class kotlin.jvm.functions.Function19                                                 : loaded 2 times (x 68B)
Class kotlin.Lazy                                                                     : loaded 2 times (x 68B)
Class kotlin.NoWhenBranchMatchedException                                             : loaded 2 times (x 80B)
Class com.google.common.collect.CollectCollectors                                     : loaded 2 times (x 69B)
Class org.objectweb.asm.ModuleWriter                                                  : loaded 2 times (x 80B)
Class com.google.common.cache.LocalCache$EntryFactory$3                               : loaded 2 times (x 81B)
Class com.google.common.base.Ticker$1                                                 : loaded 2 times (x 70B)
Class com.google.common.collect.Maps$BiMapConverter                                   : loaded 2 times (x 88B)
Class com.google.common.collect.ImmutableMapEntrySet$RegularEntrySet                  : loaded 2 times (x 150B)
Class com.google.common.base.CharMatcher$InRange                                      : loaded 2 times (x 109B)
Class com.google.common.cache.LocalCache$EntryFactory$4                               : loaded 2 times (x 81B)
Class com.google.common.collect.ImmutableSet$Builder                                  : loaded 2 times (x 83B)
Class com.google.common.cache.LocalCache$EntryFactory$5                               : loaded 2 times (x 81B)
Class [Lkotlin.reflect.KProperty;                                                     : loaded 2 times (x 67B)
Class kotlin.jvm.internal.markers.KMappedMarker                                       : loaded 2 times (x 68B)
Class kotlin.sequences.FlatteningSequence                                             : loaded 2 times (x 73B)
Class org.apache.commons.io.output.AppendableWriter                                   : loaded 2 times (x 98B)
Class com.google.common.cache.LocalCache$EntryFactory$6                               : loaded 2 times (x 81B)
Class org.gradle.internal.installation.CurrentGradleInstallationLocator               : loaded 2 times (x 69B)
Class [Lkotlin.io.FileWalkDirection;                                                  : loaded 2 times (x 67B)
Class org.apache.commons.io.output.ThresholdingOutputStream                           : loaded 2 times (x 93B)
Class com.google.common.collect.Maps$KeySet                                           : loaded 2 times (x 135B)
Class com.google.common.cache.LocalCache$EntryFactory$7                               : loaded 2 times (x 81B)
Class com.google.common.collect.ImmutableSet$EmptySetBuilderImpl                      : loaded 2 times (x 74B)
Class com.google.common.collect.ImmutableList                                         : loaded 2 times (x 204B)
Class org.gradle.internal.service.DefaultServiceLocator                               : loaded 2 times (x 81B)
Class jdk.internal.jrtfs.JrtDirectoryStream                                           : loaded 2 times (x 87B)
Class kotlin.reflect.KMutableProperty0                                                : loaded 2 times (x 68B)
Class kotlin.reflect.KClassifier                                                      : loaded 2 times (x 68B)
Class kotlin.io.FileTreeWalk                                                          : loaded 2 times (x 73B)
Class kotlin.coroutines.jvm.internal.SuspendFunction                                  : loaded 2 times (x 68B)
Class com.google.common.cache.LocalCache$EntryFactory$8                               : loaded 2 times (x 81B)
Class com.google.common.collect.ImmutableSet$SetBuilderImpl                           : loaded 2 times (x 74B)
Class ijJvmDebugger1_1x4w4vgy7k0wx85nxa2rx6hj0                                        : loaded 2 times (x 177B)
Class org.gradle.internal.installation.CurrentGradleInstallation                      : loaded 2 times (x 71B)
Class kotlin.reflect.KMutableProperty1                                                : loaded 2 times (x 68B)
Class kotlin.coroutines.intrinsics.IntrinsicsKt__IntrinsicsJvmKt                      : loaded 2 times (x 69B)
Class kotlin.coroutines.jvm.internal.CoroutineStackFrame                              : loaded 2 times (x 68B)
Class com.google.common.cache.CacheLoader$1                                           : loaded 2 times (x 73B)
Class com.google.common.collect.ForwardingObject                                      : loaded 2 times (x 70B)
Class com.google.common.collect.ImmutableList$SubList                                 : loaded 2 times (x 207B)
Class org.gradle.util.internal.GUtil                                                  : loaded 2 times (x 69B)
Class kotlin.reflect.KMutableProperty2                                                : loaded 2 times (x 68B)
Class kotlin.io.NoSuchFileException                                                   : loaded 2 times (x 80B)
Class kotlin.collections.CollectionsKt                                                : loaded 2 times (x 69B)
Class com.google.common.util.concurrent.AbstractFuture$SetFuture                      : loaded 2 times (x 73B)
Class com.google.common.cache.AbstractCache$StatsCounter                              : loaded 2 times (x 68B)
Class kotlin.ranges.IntProgressionIterator                                            : loaded 2 times (x 80B)
Class kotlin.coroutines.jvm.internal.DebugProbesKt                                    : loaded 2 times (x 69B)
Class kotlin.coroutines.CoroutineContext                                              : loaded 2 times (x 68B)
Class com.google.common.collect.Iterators$MergingIterator                             : loaded 2 times (x 79B)
Class com.google.common.collect.RegularImmutableSet                                   : loaded 2 times (x 147B)
Class org.gradle.internal.installation.GradleInstallation                             : loaded 2 times (x 73B)
Class com.google.common.collect.Iterables                                             : loaded 2 times (x 69B)
Class ijKotlinCoroutineJvmDebugInit1_8w5n9f54u1tk7tptob1rose2r$_run_closure1$_closure2: loaded 2 times (x 137B)
Class kotlin.io.FileWalkDirection                                                     : loaded 2 times (x 77B)
Class kotlin.jvm.KotlinReflectionNotSupportedError                                    : loaded 2 times (x 80B)
Class kotlin.ranges.IntProgression                                                    : loaded 2 times (x 79B)

---------------  S Y S T E M  ---------------

OS:
 Windows 10 , 64 bit Build 19041 (10.0.19041.5915)
OS uptime: 1 days 16:43 hours
Hyper-V role detected

CPU: total 8 (initial active 8) (4 cores per cpu, 2 threads per core) family 6 model 60 stepping 3 microcode 0x27, cx8, cmov, fxsr, ht, mmx, sse, sse2, sse3, ssse3, sse4.1, sse4.2, popcnt, lzcnt, tsc, tscinvbit, avx, avx2, aes, erms, clmul, bmi1, bmi2, fma, vzeroupper, clflush, hv, rdtscp, f16c
Processor Information for the first 8 processors :
  Max Mhz: 3401, Current Mhz: 3401, Mhz Limit: 3401

Memory: 4k page, system-wide physical 24469M (6901M free)
TotalPageFile size 28053M (AvailPageFile size 6456M)
current process WorkingSet (physical memory assigned to process): 921M, peak: 921M
current process commit charge ("private bytes"): 963M, peak: 965M

vm_info: OpenJDK 64-Bit Server VM (21.0.7+-13880790-b1038.58) for windows-amd64 JRE (21.0.7+-13880790-b1038.58), built on 2025-08-04T20:56:21Z by "builder" with MS VC++ 16.10 / 16.11 (VS2019)

END.
